Date,Infections,Dead,Recover,Infect_by_date,inf_day,Date
28.03.2020,6,0,0,6,,0.0
29.03.2020,6,0,0,6,0.0,1.0
30.03.2020,9,1,0,8,3.0,2.0
31.03.2020,9,1,0,8,0.0,3.0
01.04.2020,9,2,0,7,0.0,4.0
02.04.2020,9,2,0,7,0.0,5.0
03.04.2020,9,2,0,7,0.0,6.0
04.04.2020,9,2,2,5,0.0,7.0
05.04.2020,9,2,3,4,0.0,8.0
06.04.2020,10,2,3,5,1.0,9.0
07.04.2020,14,2,3,9,4.0,10.0
08.04.2020,14,2,3,9,0.0,11.0
09.04.2020,16,2,5,9,2.0,12.0
10.04.2020,16,2,5,9,0.0,13.0
11.04.2020,16,2,6,8,0.0,14.0
12.04.2020,16,2,6,8,0.0,15.0
13.04.2020,21,2,6,13,5.0,16.0
14.04.2020,21,2,6,13,0.0,17.0
15.04.2020,27,4,8,15,6.0,18.0
16.04.2020,32,4,8,20,5.0,19.0
17.04.2020,37,4,8,25,5.0,20.0
18.04.2020,42,6,8,28,5.0,21.0
19.04.2020,44,6,8,30,2.0,22.0
20.04.2020,52,6,9,37,8.0,23.0
21.04.2020,58,6,9,43,6.0,24.0
22.04.2020,62,6,9,47,4.0,25.0
23.04.2020,66,6,9,51,4.0,26.0
24.04.2020,81,6,9,66,15.0,27.0
25.04.2020,93,6,9,78,12.0,28.0
26.04.2020,110,7,9,94,17.0,29.0
27.04.2020,124,8,13,103,14.0,30.0
28.04.2020,128,8,14,106,4.0,31.0
29.04.2020,142,8,14,120,14.0,32.0
30.04.2020,149,8,17,124,7.0,33.0
01.05.2020,153,8,17,128,4.0,34.0
02.05.2020,177,8,19,150,24.0,35.0
03.05.2020,195,8,19,168,18.0,36.0
04.05.2020,196,8,19,169,1.0,37.0
05.05.2020,214,8,24,182,18.0,38.0
06.05.2020,226,8,35,183,12.0,39.0
07.05.2020,243,8,41,194,17.0,40.0
08.05.2020,270,8,51,211,27.0,41.0
09.05.2020,277,8,59,210,7.0,42.0
10.05.2020,293,8,66,219,16.0,43.0
11.05.2020,308,8,67,233,15.0,44.0
12.05.2020,328,8,67,253,20.0,45.0
13.05.2020,339,8,96,235,11.0,46.0
14.05.2020,351,8,102,241,12.0,47.0
15.05.2020,367,8,112,247,16.0,48.0
16.05.2020,386,8,132,246,19.0,49.0
17.05.2020,405,9,132,264,19.0,50.0
18.05.2020,424,9,132,283,19.0,51.0
19.05.2020,451,9,142,300,27.0,52.0
20.05.2020,461,9,161,291,10.0,53.0
21.05.2020,494,9,172,313,33.0,54.0
22.05.2020,513,9,183,321,19.0,55.0
23.05.2020,543,9,201,333,30.0,56.0
24.05.2020,566,9,201,356,23.0,57.0
25.05.2020,592,10,208,374,26.0,58.0
26.05.2020,608,10,238,360,16.0,59.0
27.05.2020,629,10,268,351,21.0,60.0
28.05.2020,671,10,293,368,42.0,61.0
29.05.2020,723,10,306,407,52.0,62.0
30.05.2020,765,10,332,423,42.0,63.0
31.05.2020,824,10,340,474,59.0,64.0
01.06.2020,887,10,340,537,63.0,65.0
02.06.2020,910,10,359,541,23.0,66.0
03.06.2020,954,10,368,576,44.0,67.0
04.06.2020,1066,10,403,653,112.0,68.0
05.06.2020,1131,11,420,700,65.0,69.0
06.06.2020,1163,12,437,714,32.0,70.0
07.06.2020,1232,12,437,783,69.0,71.0
08.06.2020,1269,12,440,817,37.0,72.0
09.06.2020,1306,12,454,840,37.0,73.0
10.06.2020,1366,12,475,879,60.0,74.0
11.06.2020,1425,12,486,927,59.0,75.0
12.06.2020,1535,16,506,1013,110.0,76.0
13.06.2020,1635,19,507,1109,100.0,77.0
14.06.2020,1740,19,517,1204,105.0,78.0
15.06.2020,1838,19,522,1297,98.0,79.0
16.06.2020,1901,19,525,1357,63.0,80.0
17.06.2020,1996,19,534,1443,95.0,81.0
18.06.2020,2047,19,571,1457,51.0,82.0
19.06.2020,2088,19,611,1458,41.0,83.0
20.06.2020,2183,19,665,1499,95.0,84.0
21.06.2020,2278,19,669,1590,95.0,85.0
22.06.2020,2353,19,669,1665,75.0,86.0
23.06.2020,2414,19,736,1659,61.0,87.0
24.06.2020,2458,19,785,1654,44.0,88.0
25.06.2020,2527,19,797,1711,69.0,89.0
26.06.2020,2564,19,838,1707,37.0,90.0
27.06.2020,2609,21,911,1677,45.0,91.0
28.06.2020,2667,21,912,1734,58.0,92.0
29.06.2020,2722,21,918,1783,55.0,93.0
30.06.2020,2757,22,984,1751,35.0,94.0
01.07.2020,2830,23,1035,1772,73.0,95.0
02.07.2020,2875,23,1091,1761,45.0,96.0
03.07.2020,2932,25,1245,1662,57.0,97.0
04.07.2020,2967,26,1342,1599,35.0,98.0
05.07.2020,3018,26,1348,1644,51.0,99.0
06.07.2020,3044,28,1400,1616,26.0,100.0
07.07.2020,3082,31,1474,1577,38.0,101.0
08.07.2020,3109,31,1599,1479,27.0,102.0
09.07.2020,3137,33,1661,1443,28.0,103.0
10.07.2020,3172,34,1769,1369,35.0,104.0
11.07.2020,3198,34,1845,1319,26.0,105.0
12.07.2020,3214,36,1885,1293,16.0,106.0
13.07.2020,3245,36,1891,1318,31.0,107.0
14.07.2020,3257,38,1954,1265,12.0,108.0
15.07.2020,3291,39,2022,1230,34.0,109.0
16.07.2020,3327,41,2093,1193,36.0,110.0
17.07.2020,3354,42,2156,1156,27.0,111.0
18.07.2020,3372,43,2207,1122,18.0,112.0
19.07.2020,3402,45,2207,1150,30.0,113.0
20.07.2020,3421,45,2221,1155,19.0,114.0
21.07.2020,3437,46,2247,1144,16.0,115.0
22.07.2020,3454,46,2299,1109,17.0,116.0
23.07.2020,3486,48,2341,1097,32.0,117.0
24.07.2020,3534,49,2358,1127,48.0,118.0
25.07.2020,3554,51,2410,1093,20.0,119.0
26.07.2020,3582,51,2410,1121,28.0,120.0
27.07.2020,3618,52,2410,1156,36.0,121.0
28.07.2020,3633,52,2444,1137,15.0,122.0
29.07.2020,3646,53,2487,1106,13.0,123.0
30.07.2020,3686,53,2529,1104,40.0,124.0
31.07.2020,3728,54,2564,1110,42.0,125.0
01.08.2020,3761,54,2599,1108,33.0,126.0
02.08.2020,3797,54,2600,1143,36.0,127.0
03.08.2020,3834,54,2600,1180,37.0,128.0
04.08.2020,3835,55,2623,1157,1.0,129.0
05.08.2020,3839,55,2649,1135,4.0,130.0
06.08.2020,3869,55,2747,1067,30.0,131.0
07.08.2020,3889,55,2772,1062,20.0,132.0
08.08.2020,3908,57,2803,1048,19.0,133.0
09.08.2020,3928,57,2803,1068,20.0,134.0
10.08.2020,3961,57,2803,1101,33.0,135.0
11.08.2020,3982,58,2820,1104,21.0,136.0
12.08.2020,4001,58,2854,1089,19.0,137.0
13.08.2020,4038,58,2900,1080,37.0,138.0
14.08.2020,4070,59,2928,1083,32.0,139.0
15.08.2020,4109,59,2971,1079,39.0,140.0
16.08.2020,4143,59,2971,1113,34.0,141.0
17.08.2020,4190,59,2971,1160,47.0,142.0
18.08.2020,4215,60,3010,1145,25.0,143.0
19.08.2020,4242,60,3053,1129,27.0,144.0
20.08.2020,4279,60,3094,1125,37.0,145.0
21.08.2020,4314,61,3131,1122,35.0,146.0
22.08.2020,4350,61,3167,1122,36.0,147.0
23.08.2020,4384,61,3169,1154,34.0,148.0
24.08.2020,4434,61,3169,1204,50.0,149.0
25.08.2020,4458,61,3193,1204,24.0,150.0
26.08.2020,4499,61,3214,1224,41.0,151.0
27.08.2020,4527,62,3241,1224,28.0,152.0
28.08.2020,4557,62,3255,1240,30.0,153.0
29.08.2020,4581,62,3288,1231,24.0,154.0
30.08.2020,4603,65,3334,1204,22.0,155.0
31.08.2020,4635,65,3343,1227,32.0,156.0
01.09.2020,4638,65,3400,1173,3.0,157.0
02.09.2020,4662,65,3430,1167,24.0,158.0
03.09.2020,4685,65,3467,1153,23.0,159.0
04.09.2020,4711,65,3490,1156,26.0,160.0
05.09.2020,4745,65,3527,1153,34.0,161.0
06.09.2020,4766,65,3527,1174,21.0,162.0
07.09.2020,4791,65,3527,1199,25.0,163.0
08.09.2020,4812,65,3568,1179,21.0,164.0
09.09.2020,4832,65,3602,1165,20.0,165.0
10.09.2020,4859,65,3619,1175,27.0,166.0
11.09.2020,4877,65,3645,1167,18.0,167.0
12.09.2020,4915,65,3686,1164,38.0,168.0
13.09.2020,4947,65,3689,1193,32.0,169.0
14.09.2020,4968,65,3691,1212,21.0,170.0
15.09.2020,4982,65,3743,1174,14.0,171.0
16.09.2020,5001,65,3774,1162,19.0,172.0
17.09.2020,5030,65,3822,1143,29.0,173.0
18.09.2020,5057,65,3849,1143,27.0,174.0
19.09.2020,5091,65,3887,1139,34.0,175.0
20.09.2020,5133,65,3889,1179,42.0,176.0
21.09.2020,5172,65,3889,1218,39.0,177.0
22.09.2020,5196,65,3932,1199,24.0,178.0
23.09.2020,5219,65,3964,1190,23.0,179.0
24.09.2020,5244,65,3986,1193,25.0,180.0
25.09.2020,5276,65,4001,1210,32.0,181.0
26.09.2020,5320,65,4020,1235,44.0,182.0
27.09.2020,5361,65,4023,1273,41.0,183.0
28.09.2020,5398,65,4028,1305,37.0,184.0
29.09.2020,5412,65,4052,1295,14.0,185.0
30.09.2020,5446,65,4064,1317,34.0,186.0
01.10.2020,5476,65,4079,1332,30.0,187.0
02.10.2020,5514,65,4093,1356,38.0,188.0
03.10.2020,5562,66,4113,1383,48.0,189.0
04.10.2020,5611,66,4115,1430,49.0,190.0
05.10.2020,5661,66,4133,1462,50.0,191.0
06.10.2020,5719,66,4141,1512,58.0,192.0
07.10.2020,5769,66,4169,1534,50.0,193.0
08.10.2020,5818,66,4195,1557,49.0,194.0
09.10.2020,5855,67,4205,1583,37.0,195.0
10.10.2020,5900,67,4242,1591,45.0,196.0
11.10.2020,5956,67,4242,1647,56.0,197.0
12.10.2020,6019,67,4242,1710,63.0,198.0
13.10.2020,6080,67,4279,1734,61.0,199.0
14.10.2020,6144,67,4301,1776,64.0,200.0
15.10.2020,6208,67,4334,1807,64.0,201.0
16.10.2020,6274,67,4355,1852,66.0,202.0
17.10.2020,6349,67,4376,1906,75.0,203.0
18.10.2020,6435,67,4376,1992,86.0,204.0
19.10.2020,6524,67,4376,2081,89.0,205.0
20.10.2020,6622,67,4393,2162,98.0,206.0
21.10.2020,6707,68,4411,2228,85.0,207.0
22.10.2020,6805,68,4428,2309,98.0,208.0
23.10.2020,6902,68,4446,2388,97.0,209.0
24.10.2020,7011,68,4473,2470,109.0,210.0
25.10.2020,7121,68,4473,2580,110.0,211.0
26.10.2020,7231,68,4473,2690,110.0,212.0
27.10.2020,7341,68,4507,2766,110.0,213.0
28.10.2020,7457,69,4547,2841,116.0,214.0
29.10.2020,7572,70,4580,2922,115.0,215.0
30.10.2020,7682,70,4629,2983,110.0,216.0
31.10.2020,7799,70,4668,3061,117.0,217.0
01.11.2020,7918,70,4668,3180,119.0,218.0
02.11.2020,8035,70,4668,3297,117.0,219.0
03.11.2020,8155,70,4715,3370,120.0,220.0
04.11.2020,8281,70,4744,3467,126.0,221.0
05.11.2020,8401,70,4744,3587,120.0,222.0
06.11.2020,8519,70,4782,3667,118.0,223.0
07.11.2020,8646,70,4810,3766,127.0,224.0
08.11.2020,8774,70,4811,3893,128.0,225.0
09.11.2020,8859,70,4815,3974,85.0,226.0
10.11.2020,8988,70,4856,4062,129.0,227.0
11.11.2020,9118,70,4915,4133,130.0,228.0
12.11.2020,9255,70,4955,4230,137.0,229.0
13.11.2020,9403,72,4995,4336,148.0,230.0
14.11.2020,9555,72,5054,4429,152.0,231.0
15.11.2020,9705,72,5069,4564,150.0,232.0
16.11.2020,9865,72,5084,4709,160.0,233.0
17.11.2020,10035,72,5119,4844,170.0,234.0
18.11.2020,10202,72,5462,4668,167.0,235.0
19.11.2020,10367,72,5650,4645,165.0,236.0
20.11.2020,10530,72,5793,4665,163.0,237.0
21.11.2020,10699,72,5943,4684,169.0,238.0
22.11.2020,10866,72,5964,4830,167.0,239.0
23.11.2020,11035,72,6106,4857,169.0,240.0
24.11.2020,11205,72,6180,4953,170.0,241.0
25.11.2020,11380,72,6295,5013,175.0,242.0
26.11.2020,11558,72,6408,5078,178.0,243.0
27.11.2020,11738,72,6517,5149,180.0,244.0
28.11.2020,11923,72,6601,5250,185.0,245.0
29.11.2020,12118,72,6668,5378,195.0,246.0
30.11.2020,12312,73,6683,5556,194.0,247.0
01.12.2020,12507,73,6845,5589,195.0,248.0
02.12.2020,12702,74,6908,5720,195.0,249.0
03.12.2020,12901,75,6973,5853,199.0,250.0
04.12.2020,13100,76,7062,5962,199.0,251.0
05.12.2020,13298,76,7179,6043,198.0,252.0
06.12.2020,14178,77,7267,6834,880.0,253.0
07.12.2020,14428,77,7451,6900,250.0,254.0
08.12.2020,14712,79,7489,7144,284.0,255.0
09.12.2020,15047,79,7557,7411,335.0,256.0
10.12.2020,15318,80,7793,7445,271.0,257.0
11.12.2020,15615,81,8012,7522,297.0,258.0
12.12.2020,15945,82,8173,7690,330.0,259.0
13.12.2020,16274,84,8292,7898,329.0,260.0
14.12.2020,16602,86,8324,8192,328.0,261.0
15.12.2020,16950,86,8418,8446,348.0,262.0
16.12.2020,17309,87,8680,8542,359.0,263.0
17.12.2020,17666,89,9064,8513,357.0,264.0
18.12.2020,18041,92,9359,8590,375.0,265.0
19.12.2020,18434,92,9648,8694,393.0,266.0
20.12.2020,18829,93,9699,9037,395.0,267.0
21.12.2020,19223,95,9758,9370,394.0,268.0
22.12.2020,19621,96,10037,9488,398.0,269.0
23.12.2020,20037,96,10295,9646,416.0,270.0
24.12.2020,20479,97,10592,9790,442.0,271.0
25.12.2020,20895,98,10817,9980,416.0,272.0
26.12.2020,21320,98,11061,10161,425.0,273.0
27.12.2020,21718,98,11160,10460,398.0,274.0
28.12.2020,22114,98,11195,10821,396.0,275.0
29.12.2020,22508,98,11363,11047,394.0,276.0
30.12.2020,22903,99,11775,11029,395.0,277.0
31.12.2020,23295,100,12060,11135,392.0,278.0
01.01.2021,23598,100,12179,11319,303.0,279.0
02.01.2021,23868,100,12236,11532,270.0,280.0
03.01.2021,24073,101,12414,11558,205.0,281.0
04.01.2021,24318,101,12502,11715,245.0,282.0
05.01.2021,24513,102,12769,11642,195.0,283.0
06.01.2021,24755,102,12943,11710,242.0,284.0
07.01.2021,25016,104,13070,11842,261.0,285.0
08.01.2021,25183,104,13126,11953,167.0,286.0
09.01.2021,25366,105,13342,11919,183.0,287.0
10.01.2021,25571,106,13605,11860,205.0,288.0
11.01.2021,25810,106,13740,11964,239.0,289.0
12.01.2021,26039,107,13981,11951,229.0,290.0
13.01.2021,26284,108,14308,11868,245.0,291.0
14.01.2021,26483,108,14498,11877,199.0,292.0
15.01.2021,26757,110,14579,12068,274.0,293.0
16.01.2021,26941,111,14829,12001,184.0,294.0
17.01.2021,27212,111,14944,12157,271.0,295.0
18.01.2021,27422,112,14958,12352,210.0,296.0
19.01.2021,27605,114,15159,12332,183.0,297.0
20.01.2021,27802,115,15504,12183,197.0,298.0
21.01.2021,27934,117,15887,11930,132.0,299.0
22.01.2021,28129,118,16121,11890,195.0,300.0
23.01.2021,28292,120,16313,11859,163.0,301.0
24.01.2021,28473,121,16349,12003,181.0,302.0
25.01.2021,28565,122,16461,11982,92.0,303.0
26.01.2021,28710,124,16748,11838,145.0,304.0
27.01.2021,28773,127,16982,11664,63.0,305.0
28.01.2021,28871,128,17197,11546,98.0,306.0
29.01.2021,29007,130,17387,11490,136.0,307.0
30.01.2021,29178,131,17470,11577,171.0,308.0
31.01.2021,29328,132,17638,11558,150.0,309.0
01.02.2021,29493,135,17710,11648,165.0,310.0
02.02.2021,29608,137,17943,11528,115.0,311.0
03.02.2021,29650,139,18086,11425,42.0,312.0
04.02.2021,29751,139,18295,11317,101.0,313.0
05.02.2021,29875,140,18593,11142,124.0,314.0
06.02.2021,30038,140,18779,11119,163.0,315.0
07.02.2021,30121,142,18881,11098,83.0,316.0
08.02.2021,30214,144,18918,11152,93.0,317.0
09.02.2021,30254,145,19138,10971,40.0,318.0
10.02.2021,30335,146,19253,10936,81.0,319.0
11.02.2021,30411,148,19446,10817,76.0,320.0
12.02.2021,30476,150,19587,10739,65.0,321.0
13.02.2021,30591,152,19705,10734,115.0,322.0
14.02.2021,30702,153,19742,10807,111.0,323.0
15.02.2021,30806,155,19827,10824,104.0,324.0
16.02.2021,30864,157,19934,10773,58.0,325.0
17.02.2021,30923,159,20039,10725,59.0,326.0
18.02.2021,30993,161,20173,10659,70.0,327.0
19.02.2021,31108,163,20423,10522,115.0,328.0
20.02.2021,31199,165,20526,10508,91.0,329.0
21.02.2021,31314,165,20593,10556,115.0,330.0
22.02.2021,31425,165,20662,10598,111.0,331.0
23.02.2021,31542,168,20706,10668,117.0,332.0
24.02.2021,31596,168,20740,10688,54.0,333.0
25.02.2021,31659,168,20877,10614,63.0,334.0
26.02.2021,31731,168,20974,10589,72.0,335.0
27.02.2021,31806,168,21065,10573,75.0,336.0
28.02.2021,31902,168,21086,10648,96.0,337.0
01.03.2021,31996,169,21093,10734,94.0,338.0
02.03.2021,32095,171,21218,10706,99.0,339.0
03.03.2021,32184,173,21373,10638,89.0,340.0
04.03.2021,32276,175,21520,10581,92.0,341.0
05.03.2021,32366,178,21637,10551,90.0,342.0
06.03.2021,32463,180,21701,10582,97.0,343.0
07.03.2021,32557,181,21735,10641,94.0,344.0
08.03.2021,32655,184,21765,10706,98.0,345.0
09.03.2021,32744,186,21775,10783,89.0,346.0
10.03.2021,32797,188,21844,10765,53.0,347.0
11.03.2021,32831,191,21973,10667,34.0,348.0
12.03.2021,32906,193,22082,10631,75.0,349.0
13.03.2021,33000,196,22210,10594,94.0,350.0
14.03.2021,33097,199,22218,10680,97.0,351.0
15.03.2021,33192,202,22236,10754,95.0,352.0
16.03.2021,33284,205,22325,10754,92.0,353.0
17.03.2021,33336,208,22381,10747,52.0,354.0
18.03.2021,33402,211,22570,10621,66.0,355.0
19.03.2021,33470,214,22674,10582,68.0,356.0
20.03.2021,33543,214,22759,10570,73.0,357.0
21.03.2021,33613,214,22783,10616,70.0,358.0
22.03.2021,33682,214,22795,10673,69.0,359.0
23.03.2021,33750,217,22878,10655,68.0,360.0
24.03.2021,33813,220,22944,10649,63.0,361.0
25.03.2021,33886,223,23046,10617,73.0,362.0
26.03.2021,33962,227,23202,10533,76.0,363.0
27.03.2021,34031,229,23305,10497,69.0,364.0
28.03.2021,34102,232,23326,10544,71.0,365.0
29.03.2021,34148,235,23334,10579,46.0,366.0
30.03.2021,34199,239,23416,10544,51.0,367.0
31.03.2021,34266,244,23527,10495,67.0,368.0
01.04.2021,34343,246,23591,10506,77.0,369.0
02.04.2021,34432,251,23704,10477,89.0,370.0
03.04.2021,34523,252,23765,10506,91.0,371.0
04.04.2021,34604,257,23800,10547,81.0,372.0
05.04.2021,34683,261,23840,10582,79.0,373.0
06.04.2021,34734,266,23893,10575,51.0,374.0
07.04.2021,34784,266,23937,10581,50.0,375.0
08.04.2021,34828,267,24022,10539,44.0,376.0
09.04.2021,34895,270,24308,10317,67.0,377.0
10.04.2021,34965,275,24425,10265,70.0,378.0
11.04.2021,35032,279,24425,10328,67.0,379.0
12.04.2021,35098,281,24425,10392,66.0,380.0
13.04.2021,35147,286,24472,10389,49.0,381.0
14.04.2021,35206,289,24526,10391,59.0,382.0
15.04.2021,35257,291,24646,10320,51.0,383.0
16.04.2021,35327,296,24782,10249,70.0,384.0
17.04.2021,35400,298,24914,10188,73.0,385.0
18.04.2021,35471,303,25052,10116,71.0,386.0
19.04.2021,35540,307,25178,10055,69.0,387.0
20.04.2021,35589,309,25316,9964,49.0,388.0
21.04.2021,35644,313,25465,9866,55.0,389.0
22.04.2021,35703,315,25618,9770,59.0,390.0
23.04.2021,35762,320,25789,9653,59.0,391.0
24.04.2021,35831,324,25990,9517,69.0,392.0
25.04.2021,35909,326,26207,9376,78.0,393.0
26.04.2021,35960,331,26422,9207,51.0,394.0
27.04.2021,36005,334,26635,9036,45.0,395.0
28.04.2021,36057,336,26851,8870,52.0,396.0
29.04.2021,36122,336,27060,8726,65.0,397.0
30.04.2021,36191,338,27271,8582,69.0,398.0
01.05.2021,36263,342,27489,8432,72.0,399.0
02.05.2021,36353,346,27690,8317,90.0,400.0
03.05.2021,36430,348,27884,8198,77.0,401.0
04.05.2021,36499,353,28081,8065,69.0,402.0
05.05.2021,36550,356,28282,7912,51.0,403.0
06.05.2021,36585,358,28489,7738,35.0,404.0
07.05.2021,36634,361,28704,7569,49.0,405.0
08.05.2021,36674,361,28913,7400,40.0,406.0
09.05.2021,36731,365,29110,7256,57.0,407.0
10.05.2021,36784,367,29298,7119,53.0,408.0
11.05.2021,36836,367,29481,6988,52.0,409.0
12.05.2021,36887,367,29686,6834,51.0,410.0
13.05.2021,36942,367,29883,6692,55.0,411.0
14.05.2021,36974,367,30086,6521,32.0,412.0
15.05.2021,37031,368,30294,6369,57.0,413.0
16.05.2021,37096,369,30490,6237,65.0,414.0
17.05.2021,37163,374,30690,6099,67.0,415.0
18.05.2021,37214,374,30884,5956,51.0,416.0
19.05.2021,37273,378,31069,5826,59.0,417.0
20.05.2021,37327,383,31267,5677,54.0,418.0
21.05.2021,37362,386,31455,5521,35.0,419.0
22.05.2021,37400,388,31657,5355,38.0,420.0
23.05.2021,37452,392,31844,5216,52.0,421.0
24.05.2021,37485,393,32031,5061,33.0,422.0
25.05.2021,37510,396,32172,4942,25.0,423.0
26.05.2021,37561,398,32295,4868,51.0,424.0
27.05.2021,37611,401,32386,4824,50.0,425.0
28.05.2021,37663,403,32466,4794,52.0,426.0
29.05.2021,37716,404,32535,4777,53.0,427.0
30.05.2021,37751,405,32590,4756,35.0,428.0
31.05.2021,37786,405,32639,4742,35.0,429.0
01.06.2021,37806,407,32656,4743,20.0,430.0
02.06.2021,37853,410,32679,4764,47.0,431.0
03.06.2021,37896,411,32700,4785,43.0,432.0
04.06.2021,37941,415,32719,4807,45.0,433.0
05.06.2021,37982,416,32738,4828,41.0,434.0
06.06.2021,38021,416,32752,4853,39.0,435.0
07.06.2021,38060,419,32766,4875,39.0,436.0
08.06.2021,38093,421,32790,4882,33.0,437.0
09.06.2021,38136,423,32811,4902,43.0,438.0
10.06.2021,38181,423,32840,4918,45.0,439.0
11.06.2021,38229,426,32861,4942,48.0,440.0
12.06.2021,38279,430,32876,4973,50.0,441.0
13.06.2021,38323,432,32892,4999,44.0,442.0
14.06.2021,38368,435,32906,5027,45.0,443.0
15.06.2021,38413,437,32922,5054,45.0,444.0
16.06.2021,38462,440,32940,5082,49.0,445.0
17.06.2021,38515,441,32960,5114,53.0,446.0
18.06.2021,38573,441,32986,5146,58.0,447.0
19.06.2021,38636,442,33017,5177,63.0,448.0
20.06.2021,38695,442,33050,5203,59.0,449.0
21.06.2021,38759,442,33089,5228,64.0,450.0
22.06.2021,38828,446,33127,5255,69.0,451.0
23.06.2021,38903,446,33153,5304,75.0,452.0
24.06.2021,38985,451,33174,5360,82.0,453.0
25.06.2021,39075,455,33205,5415,90.0,454.0
26.06.2021,39173,458,33224,5491,98.0,455.0
27.06.2021,39280,458,33239,5583,107.0,456.0
28.06.2021,39393,461,33250,5682,113.0,457.0
29.06.2021,39501,464,33314,5723,108.0,458.0
30.06.2021,39616,466,33342,5808,115.0,459.0
01.07.2021,39737,471,33436,5830,121.0,460.0
02.07.2021,39864,474,33533,5857,127.0,461.0
03.07.2021,39997,476,33557,5964,133.0,462.0
04.07.2021,40132,481,33594,6057,135.0,463.0
05.07.2021,40271,483,33601,6187,139.0,464.0
06.07.2021,40411,487,33672,6252,140.0,465.0
07.07.2021,40553,491,33784,6278,142.0,466.0
08.07.2021,40697,494,33903,6300,144.0,467.0
09.07.2021,40844,497,34032,6315,147.0,468.0
10.07.2021,40990,497,34240,6253,146.0,469.0
11.07.2021,41130,502,34240,6388,140.0,470.0
12.07.2021,41271,507,34240,6524,141.0,471.0
13.07.2021,41401,509,34326,6566,130.0,472.0
14.07.2021,41531,514,34414,6603,130.0,473.0
15.07.2021,41660,514,34585,6561,129.0,474.0
16.07.2021,41793,515,34709,6569,133.0,475.0
17.07.2021,41924,517,34829,6578,131.0,476.0
18.07.2021,42052,521,34850,6681,128.0,477.0
19.07.2021,42179,524,34861,6794,127.0,478.0
20.07.2021,42304,528,35046,6730,125.0,479.0
21.07.2021,42429,530,35166,6733,125.0,480.0
22.07.2021,42556,535,35263,6758,127.0,481.0
23.07.2021,42684,538,35364,6782,128.0,482.0
24.07.2021,42809,542,35488,6779,125.0,483.0
25.07.2021,42931,547,35532,6852,122.0,484.0
26.07.2021,43054,549,35576,6929,123.0,485.0
27.07.2021,43174,553,35687,6934,120.0,486.0
28.07.2021,43290,555,35846,6889,116.0,487.0
29.07.2021,43408,560,35993,6855,118.0,488.0
30.07.2021,43523,563,36123,6837,115.0,489.0
31.07.2021,43642,566,36199,6877,119.0,490.0
01.08.2021,43758,568,36225,6965,116.0,491.0
02.08.2021,43874,573,36252,7049,116.0,492.0
03.08.2021,43989,578,36394,7017,115.0,493.0
04.08.2021,44104,582,36499,7023,115.0,494.0
05.08.2021,44217,586,36786,6845,113.0,495.0
06.08.2021,44327,589,37023,6715,110.0,496.0
07.08.2021,44435,594,37229,6612,108.0,497.0
08.08.2021,44547,594,37258,6695,112.0,498.0
09.08.2021,44656,599,37313,6744,109.0,499.0
10.08.2021,44762,601,37455,6706,106.0,500.0
11.08.2021,44865,604,37651,6610,103.0,501.0
12.08.2021,44972,608,37865,6499,107.0,502.0
13.08.2021,45081,613,38037,6431,109.0,503.0
14.08.2021,45188,616,38160,6412,107.0,504.0
15.08.2021,45292,621,38243,6428,104.0,505.0
16.08.2021,45394,626,38266,6502,102.0,506.0
17.08.2021,45502,628,38428,6446,108.0,507.0
18.08.2021,45607,631,38595,6381,105.0,508.0
19.08.2021,45711,637,38887,6187,104.0,509.0
20.08.2021,45813,641,39188,5984,102.0,510.0
21.08.2021,45918,644,39489,5785,105.0,511.0
22.08.2021,46018,646,39499,5873,100.0,512.0
23.08.2021,46119,651,39529,5939,101.0,513.0
24.08.2021,46216,655,39689,5872,97.0,514.0
25.08.2021,46321,660,39892,5769,105.0,515.0
26.08.2021,46424,662,39940,5822,103.0,516.0
27.08.2021,46519,668,40003,5848,95.0,517.0
28.08.2021,46616,671,40081,5864,97.0,518.0
29.08.2021,46715,675,40159,5881,99.0,519.0
30.08.2021,46806,677,40177,5952,91.0,520.0
31.08.2021,46894,681,40366,5847,88.0,521.0
01.09.2021,46983,685,40401,5897,89.0,522.0
02.09.2021,47068,685,40602,5781,85.0,523.0
03.09.2021,47160,690,40858,5612,92.0,524.0
04.09.2021,47250,692,41119,5439,90.0,525.0
05.09.2021,47337,696,41291,5350,87.0,526.0
06.09.2021,47421,699,41291,5431,84.0,527.0
07.09.2021,47512,701,41421,5390,91.0,528.0
08.09.2021,47607,703,41483,5421,95.0,529.0
09.09.2021,47697,706,41554,5437,90.0,530.0
10.09.2021,47788,709,41592,5487,91.0,531.0
11.09.2021,47879,713,41680,5486,91.0,532.0
12.09.2021,47975,715,41684,5576,96.0,533.0
13.09.2021,48073,719,41691,5663,98.0,534.0
14.09.2021,48170,721,41800,5649,97.0,535.0
15.09.2021,48262,724,41921,5617,92.0,536.0
16.09.2021,48359,726,42020,5613,97.0,537.0
17.09.2021,48461,730,42154,5577,102.0,538.0
18.09.2021,48568,735,42237,5596,107.0,539.0
19.09.2021,48685,739,42237,5709,117.0,540.0
20.09.2021,48808,744,42250,5814,123.0,541.0
21.09.2021,48935,746,42353,5836,127.0,542.0
22.09.2021,49065,750,42389,5926,130.0,543.0
23.09.2021,49197,754,42520,5923,132.0,544.0
24.09.2021,49336,759,42607,5970,139.0,545.0
25.09.2021,49485,763,42781,5941,149.0,546.0
26.09.2021,49633,769,42792,6072,148.0,547.0
27.09.2021,49787,769,42846,6172,154.0,548.0
28.09.2021,49942,769,42992,6181,155.0,549.0
29.09.2021,50101,773,43122,6206,159.0,550.0
30.09.2021,50265,777,43300,6188,164.0,551.0
01.10.2021,50433,782,43440,6211,168.0,552.0
02.10.2021,50606,786,43590,6230,173.0,553.0
03.10.2021,50788,792,43598,6398,182.0,554.0
04.10.2021,50979,797,43622,6560,191.0,555.0
05.10.2021,51176,799,43832,6545,197.0,556.0
06.10.2021,51375,805,43949,6621,199.0,557.0
07.10.2021,51578,811,44291,6476,203.0,558.0
08.10.2021,51787,816,44599,6372,209.0,559.0
09.10.2021,52005,823,44815,6367,218.0,560.0
10.10.2021,52230,828,44965,6437,225.0,561.0
11.10.2021,52459,832,45013,6614,229.0,562.0
12.10.2021,52691,832,45115,6744,232.0,563.0
13.10.2021,52926,832,45244,6850,235.0,564.0
14.10.2021,53163,835,45386,6942,237.0,565.0
15.10.2021,53406,839,45545,7022,243.0,566.0
16.10.2021,53653,846,45727,7080,247.0,567.0
17.10.2021,53905,852,45918,7135,252.0,568.0
18.10.2021,54159,852,46115,7192,254.0,569.0
19.10.2021,54413,856,46362,7195,254.0,570.0
20.10.2021,54672,862,46623,7187,259.0,571.0
21.10.2021,54933,869,46907,7157,261.0,572.0
22.10.2021,55202,874,47199,7129,269.0,573.0
23.10.2021,55476,880,47482,7114,274.0,574.0
24.10.2021,55757,884,47769,7104,281.0,575.0
25.10.2021,56039,886,48060,7093,282.0,576.0
26.10.2021,56321,893,48361,7067,282.0,577.0
27.10.2021,56600,897,48659,7044,279.0,578.0
28.10.2021,56881,897,48960,7024,281.0,579.0
29.10.2021,57165,904,49262,6999,284.0,580.0
30.10.2021,57454,909,49565,6980,289.0,581.0
31.10.2021,57744,909,49870,6965,290.0,582.0
01.11.2021,58032,915,50177,6940,288.0,583.0
02.11.2021,58317,919,50486,6912,285.0,584.0
03.11.2021,58603,924,50794,6885,286.0,585.0
04.11.2021,58887,931,51100,6856,284.0,586.0
05.11.2021,59174,936,51403,6835,287.0,587.0
06.11.2021,59464,940,51704,6820,290.0,588.0
07.11.2021,59756,947,52002,6807,292.0,589.0
08.11.2021,60047,954,52298,6795,291.0,590.0
09.11.2021,60336,958,52499,6879,289.0,591.0
10.11.2021,60630,962,52692,6976,294.0,592.0
11.11.2021,60925,968,52888,7069,295.0,593.0
12.11.2021,61220,973,53089,7158,295.0,594.0
13.11.2021,61513,977,53295,7241,293.0,595.0
14.11.2021,61808,981,53500,7327,295.0,596.0
15.11.2021,62100,988,53707,7405,292.0,597.0
16.11.2021,62387,994,53920,7473,287.0,598.0
17.11.2021,62672,1001,54141,7530,285.0,599.0
18.11.2021,62959,1006,54365,7588,287.0,600.0
19.11.2021,63243,1013,54598,7632,284.0,601.0
20.11.2021,63525,1018,54850,7657,282.0,602.0
21.11.2021,63801,1025,55109,7667,276.0,603.0
22.11.2021,64073,1031,55373,7669,272.0,604.0
23.11.2021,64340,1035,55640,7665,267.0,605.0
24.11.2021,64600,1043,55911,7646,260.0,606.0
25.11.2021,64856,1048,56187,7621,256.0,607.0
26.11.2021,65101,1055,56463,7583,245.0,608.0
27.11.2021,65337,1063,56739,7535,236.0,609.0
28.11.2021,65561,1069,57004,7488,224.0,610.0
29.11.2021,65775,1073,57269,7433,214.0,611.0
30.11.2021,65977,1081,57534,7362,202.0,612.0
01.12.2021,66175,1086,57799,7290,198.0,613.0
02.12.2021,66368,1092,58146,7130,193.0,614.0
03.12.2021,66557,1098,58493,6966,189.0,615.0
04.12.2021,66747,1103,58712,6932,190.0,616.0
05.12.2021,66934,1111,58833,6990,187.0,617.0
06.12.2021,67119,1117,58950,7052,185.0,618.0
07.12.2021,67304,1123,59108,7073,185.0,619.0
08.12.2021,67484,1128,59274,7082,180.0,620.0
09.12.2021,67663,1135,59387,7141,179.0,621.0
10.12.2021,67840,1140,59500,7200,177.0,622.0
11.12.2021,68017,1148,59644,7225,177.0,623.0
12.12.2021,68193,1153,59795,7245,176.0,624.0
13.12.2021,68367,1161,59952,7254,174.0,625.0
14.12.2021,68539,1161,60118,7260,172.0,626.0
15.12.2021,68711,1168,60320,7223,172.0,627.0
16.12.2021,68884,1173,60539,7172,173.0,628.0
17.12.2021,69055,1181,60812,7062,171.0,629.0
18.12.2021,69225,1186,61134,6905,170.0,630.0
19.12.2021,69393,1191,61507,6695,168.0,631.0
20.12.2021,69560,1195,61928,6437,167.0,632.0
21.12.2021,69727,1200,62394,6133,167.0,633.0
22.12.2021,69889,1206,62887,5796,162.0,634.0
23.12.2021,70051,1214,63406,5431,162.0,635.0
24.12.2021,70208,1220,63957,5031,157.0,636.0
25.12.2021,70365,1225,64539,4601,157.0,637.0
26.12.2021,70520,1231,65145,4144,155.0,638.0
27.12.2021,70672,1239,65774,3659,152.0,639.0
28.12.2021,70824,1239,66407,3178,152.0,640.0
29.12.2021,70976,1246,67051,2679,152.0,641.0
30.12.2021,71121,1251,67704,2166,145.0,642.0
31.12.2021,71261,1257,68090,1914,140.0,643.0
01.01.2022,71381,1263,68234,1884,120.0,644.0
02.01.2022,71500,1271,68292,1937,119.0,645.0
03.01.2022,71605,1276,68353,1976,105.0,646.0
04.01.2022,71704,1279,68411,2014,99.0,647.0
05.01.2022,71781,1286,68452,2043,77.0,648.0
06.01.2022,71859,1294,68486,2079,78.0,649.0
07.01.2022,71937,1299,68517,2121,78.0,650.0
08.01.2022,72012,1307,68545,2160,75.0,651.0
09.01.2022,72088,1313,68571,2204,76.0,652.0
10.01.2022,72168,1318,68600,2250,80.0,653.0
11.01.2022,72243,1322,68637,2284,75.0,654.0
12.01.2022,72322,1326,68679,2317,79.0,655.0
13.01.2022,72408,1334,68734,2340,86.0,656.0
14.01.2022,72504,1340,68801,2363,96.0,657.0
15.01.2022,72615,1345,68875,2395,111.0,658.0
16.01.2022,72740,1352,68954,2434,125.0,659.0
17.01.2022,72875,1357,69039,2479,135.0,660.0
18.01.2022,73015,1361,69130,2524,140.0,661.0
19.01.2022,73154,1361,69225,2568,139.0,662.0
20.01.2022,73298,1369,69326,2603,144.0,663.0
21.01.2022,73444,1374,69438,2632,146.0,664.0
22.01.2022,73596,1381,69542,2673,152.0,665.0
23.01.2022,73755,1386,69651,2718,159.0,666.0
24.01.2022,73925,1391,69765,2769,170.0,667.0
25.01.2022,74106,1398,69882,2826,181.0,668.0
26.01.2022,74299,1404,70009,2886,193.0,669.0
27.01.2022,74500,1410,70148,2942,201.0,670.0
28.01.2022,74712,1414,70293,3005,212.0,671.0
29.01.2022,74937,1421,70434,3082,225.0,672.0
30.01.2022,75174,1427,70590,3157,237.0,673.0
31.01.2022,75423,1432,70759,3232,249.0,674.0
01.02.2022,75680,1438,70975,3267,257.0,675.0
02.02.2022,75963,1443,71218,3302,283.0,676.0
03.02.2022,76258,1451,71487,3320,295.0,677.0
04.02.2022,76578,1457,71722,3399,320.0,678.0
05.02.2022,76947,1464,71960,3523,369.0,679.0
06.02.2022,77366,1468,72143,3755,419.0,680.0
07.02.2022,77820,1476,72357,3987,454.0,681.0
08.02.2022,78327,1481,72563,4283,507.0,682.0
09.02.2022,78864,1481,72756,4627,537.0,683.0
10.02.2022,79451,1488,72944,5019,587.0,684.0
11.02.2022,80100,1491,73125,5484,649.0,685.0
12.02.2022,80803,1499,73291,6013,703.0,686.0
13.02.2022,81563,1504,73450,6609,760.0,687.0
14.02.2022,82374,1511,73584,7279,811.0,688.0
15.02.2022,83236,1511,73735,7990,862.0,689.0
16.02.2022,84116,1518,73863,8735,880.0,690.0
17.02.2022,85041,1522,73984,9535,925.0,691.0
18.02.2022,85993,1525,74131,10337,952.0,692.0
19.02.2022,86990,1533,74294,11163,997.0,693.0
20.02.2022,88032,1538,74471,12023,1042.0,694.0
21.02.2022,89030,1543,74660,12827,998.0,695.0
22.02.2022,90001,1549,75071,13381,971.0,696.0
23.02.2022,90970,1549,75569,13852,969.0,697.0
24.02.2022,91907,1557,76140,14210,937.0,698.0
25.02.2022,92839,1562,76773,14504,932.0,699.0
26.02.2022,93764,1568,77463,14733,925.0,700.0
27.02.2022,94681,1572,78251,14858,917.0,701.0
28.02.2022,95601,1578,79153,14870,920.0,702.0
01.03.2022,96526,1583,80167,14776,925.0,703.0
02.03.2022,97443,1588,81265,14590,917.0,704.0
03.03.2022,98330,1592,82480,14258,887.0,705.0
04.03.2022,99179,1596,83689,13894,849.0,706.0
05.03.2022,99969,1603,84884,13482,790.0,707.0
06.03.2022,100720,1608,86086,13026,751.0,708.0
07.03.2022,101426,1616,87273,12537,706.0,709.0
08.03.2022,102060,1622,88432,12006,634.0,710.0
09.03.2022,102511,1628,89623,11260,451.0,711.0
10.03.2022,102744,1633,90841,10270,233.0,712.0
11.03.2022,103168,1638,91982,9548,424.0,713.0
12.03.2022,103527,1645,93237,8645,359.0,714.0
13.03.2022,103818,1651,94500,7667,291.0,715.0
14.03.2022,103988,1655,95706,6627,170.0,716.0
15.03.2022,104090,1655,97004,5431,102.0,717.0
16.03.2022,104340,1663,98318,4359,250.0,718.0
17.03.2022,104588,1668,99657,3263,248.0,719.0
18.03.2022,104834,1672,100619,2543,246.0,720.0
19.03.2022,105078,1677,101291,2110,244.0,721.0
20.03.2022,105315,1682,101837,1796,237.0,722.0
21.03.2022,105518,1687,102328,1503,203.0,723.0
22.03.2022,105675,1693,102717,1265,157.0,724.0
23.03.2022,105901,1699,103071,1131,226.0,725.0
24.03.2022,106125,1703,103434,988,224.0,726.0
25.03.2022,106324,1710,103776,838,199.0,727.0
26.03.2022,106519,1715,104095,709,195.0,728.0
27.03.2022,106669,1715,104383,571,150.0,729.0
28.03.2022,106774,1723,104425,626,105.0,730.0
29.03.2022,106802,1727,104450,625,28.0,731.0
30.03.2022,106952,1730,104471,751,150.0,732.0
31.03.2022,107097,1733,104505,859,145.0,733.0
01.04.2022,107208,1738,104537,933,111.0,734.0
02.04.2022,107314,1742,104575,997,106.0,735.0
03.04.2022,107406,1744,104590,1072,92.0,736.0
04.04.2022,107489,1750,104602,1137,83.0,737.0
05.04.2022,107568,1752,104652,1164,79.0,738.0
06.04.2022,107666,1755,104709,1202,98.0,739.0
07.04.2022,107767,1759,104763,1245,101.0,740.0
08.04.2022,107862,1761,104917,1184,95.0,741.0
09.04.2022,107953,1766,105064,1123,91.0,742.0
10.04.2022,108043,1770,105119,1154,90.0,743.0
11.04.2022,108129,1774,105212,1143,86.0,744.0
12.04.2022,108217,1777,105347,1093,88.0,745.0
13.04.2022,108306,1783,105467,1056,89.0,746.0
14.04.2022,108398,1787,105600,1011,92.0,747.0
15.04.2022,108483,1791,105740,952,85.0,748.0
16.04.2022,108564,1793,105933,838,81.0,749.0
17.04.2022,108654,1798,106107,749,90.0,750.0
18.04.2022,108745,1802,106168,775,91.0,751.0
19.04.2022,108831,1807,106255,769,86.0,752.0
20.04.2022,108916,1810,106425,681,85.0,753.0
21.04.2022,108987,1810,106555,622,71.0,754.0
22.04.2022,109049,1810,106645,594,62.0,755.0
23.04.2022,109105,1810,106738,557,56.0,756.0
24.04.2022,109160,1811,106787,562,55.0,757.0
25.04.2022,109213,1813,106845,555,53.0,758.0
26.04.2022,109265,1815,106940,510,52.0,759.0
27.04.2022,109327,1816,107005,506,62.0,760.0
28.04.2022,109386,1817,107066,503,59.0,761.0
29.04.2022,109444,1820,107153,471,58.0,762.0
30.04.2022,109504,1822,107230,452,60.0,763.0
01.05.2022,109559,1823,107257,479,55.0,764.0
02.05.2022,109605,1824,107304,477,46.0,765.0
03.05.2022,109644,1825,107344,475,39.0,766.0
04.05.2022,109677,1827,107388,462,33.0,767.0
05.05.2022,109706,1827,107468,411,29.0,768.0
06.05.2022,109744,1830,107508,406,38.0,769.0
07.05.2022,109784,1831,107559,394,40.0,770.0
08.05.2022,109821,1831,107597,393,37.0,771.0
09.05.2022,109855,1831,107635,389,34.0,772.0
10.05.2022,109890,1832,107671,387,35.0,773.0
11.05.2022,109924,1833,107709,382,34.0,774.0
12.05.2022,109960,1833,107752,375,36.0,775.0
13.05.2022,109998,1833,107832,333,38.0,776.0
14.05.2022,110036,1835,107909,292,38.0,777.0
15.05.2022,110077,1836,107930,311,41.0,778.0
16.05.2022,110120,1836,107957,327,43.0,779.0
17.05.2022,110162,1838,108010,314,42.0,780.0
18.05.2022,110207,1838,108067,302,45.0,781.0
19.05.2022,110252,1839,108092,321,45.0,782.0
20.05.2022,110288,1839,108139,310,36.0,783.0
21.05.2022,110312,1840,108168,304,24.0,784.0
22.05.2022,110350,1840,108181,329,38.0,785.0
23.05.2022,110385,1840,108226,319,35.0,786.0
24.05.2022,110415,1841,108258,316,30.0,787.0
25.05.2022,110450,1841,108278,331,35.0,788.0
26.05.2022,110479,1842,108318,319,29.0,789.0
27.05.2022,110511,1843,108373,295,32.0,790.0
28.05.2022,110547,1843,108434,270,36.0,791.0
29.05.2022,110586,1844,108483,259,39.0,792.0
30.05.2022,110621,1844,108520,257,35.0,793.0
31.05.2022,110649,1845,108540,264,28.0,794.0
01.06.2022,110684,1846,108595,243,35.0,795.0
02.06.2022,110709,1846,108605,258,25.0,796.0
03.06.2022,110738,1846,108651,241,29.0,797.0
04.06.2022,110765,1846,108686,233,27.0,798.0
05.06.2022,110791,1846,108718,227,26.0,799.0
06.06.2022,110801,1846,108728,227,10.0,800.0
07.06.2022,110808,1847,108737,224,7.0,801.0
08.06.2022,110832,1847,108762,223,24.0,802.0
09.06.2022,110859,1848,108791,220,27.0,803.0
10.06.2022,110882,1849,108819,214,23.0,804.0
11.06.2022,110902,1850,108841,211,20.0,805.0
12.06.2022,110921,1851,108853,217,19.0,806.0
13.06.2022,110938,1852,108870,216,17.0,807.0
14.06.2022,110953,1853,108883,217,15.0,808.0
15.06.2022,110967,1854,108901,212,14.0,809.0
16.06.2022,110991,1854,108922,215,24.0,810.0
17.06.2022,111013,1854,108957,202,22.0,811.0
18.06.2022,111032,1855,108975,202,19.0,812.0
19.06.2022,111049,1855,108995,199,17.0,813.0
20.06.2022,111063,1856,109012,195,14.0,814.0
21.06.2022,111076,1857,109027,192,13.0,815.0
22.06.2022,111093,1858,109051,184,17.0,816.0
23.06.2022,111113,1860,109076,177,20.0,817.0
24.06.2022,111132,1861,109086,185,19.0,818.0
25.06.2022,111152,1861,109105,186,20.0,819.0
26.06.2022,111172,1862,109126,184,20.0,820.0
27.06.2022,111191,1862,109141,188,19.0,821.0
28.06.2022,111208,1863,109156,189,17.0,822.0
29.06.2022,111227,1864,109181,182,19.0,823.0
30.06.2022,111245,1864,109193,188,18.0,824.0
01.07.2022,111264,1865,109218,181,19.0,825.0
02.07.2022,111283,1866,109246,171,19.0,826.0
03.07.2022,111304,1866,109266,172,21.0,827.0
04.07.2022,111324,1867,109281,176,20.0,828.0
05.07.2022,111343,1868,109304,171,19.0,829.0
06.07.2022,111360,1868,109311,181,17.0,830.0
07.07.2022,111380,1868,109319,193,20.0,831.0
08.07.2022,111402,1869,109339,194,22.0,832.0
10.07.2022,111442,1871,109384,187,40.0,834.0
11.07.2022,111458,1871,109399,188,16.0,835.0
12.07.2022,111473,1872,109419,182,15.0,836.0
13.07.2022,111492,1872,109449,171,19.0,837.0
14.07.2022,111512,1873,109464,175,20.0,838.0
15.07.2022,111532,1873,109498,161,20.0,839.0
16.07.2022,111554,1873,109523,158,22.0,840.0
17.07.2022,111575,1874,109540,161,21.0,841.0
18.07.2022,111592,1874,109555,163,17.0,842.0
19.07.2022,111607,1875,109568,164,15.0,843.0
20.07.2022,111625,1875,109587,163,18.0,844.0
21.07.2022,111646,1876,109597,173,21.0,845.0
22.07.2022,111668,1877,109605,186,22.0,846.0
23.07.2022,111694,1878,109605,211,26.0,847.0
24.07.2022,111724,1878,109605,241,30.0,848.0
25.07.2022,111754,1878,109630,246,30.0,849.0
26.07.2022,111783,1879,109650,254,29.0,850.0
27.07.2022,111818,1879,109684,255,35.0,851.0
28.07.2022,111857,1880,109704,273,39.0,852.0
29.07.2022,111897,1881,109739,277,40.0,853.0
30.07.2022,111945,1881,109782,282,48.0,854.0
31.07.2022,111992,1882,109826,284,47.0,855.0
01.08.2022,112029,1882,109866,281,37.0,856.0
02.08.2022,112059,1883,109876,300,30.0,857.0
03.08.2022,112097,1883,109889,325,38.0,858.0
04.08.2022,112144,1883,109906,355,47.0,859.0
05.08.2022,112199,1883,109918,398,55.0,860.0
06.08.2022,112256,1884,109951,421,57.0,861.0
07.08.2022,112322,1884,109993,445,66.0,862.0
08.08.2022,112394,1885,110040,469,72.0,863.0
09.08.2022,112464,1885,110065,514,70.0,864.0
10.08.2022,112535,1885,110122,528,71.0,865.0
11.08.2022,112612,1886,110170,556,77.0,866.0
12.08.2022,112690,1886,110203,601,78.0,867.0
13.08.2022,112783,1886,110282,615,93.0,868.0
14.08.2022,112871,1886,110332,653,88.0,869.0
15.08.2022,112966,1887,110373,706,95.0,870.0
16.08.2022,113070,1887,110450,733,104.0,871.0
17.08.2022,113180,1888,110511,781,110.0,872.0
18.08.2022,113307,1888,110590,829,127.0,873.0
19.08.2022,113453,1889,110678,886,146.0,874.0
20.08.2022,113621,1889,110769,963,168.0,875.0
21.08.2022,113791,1890,110816,1085,170.0,876.0
22.08.2022,113966,1891,110899,1176,175.0,877.0
23.08.2022,114150,1892,111072,1186,184.0,878.0
24.08.2022,114339,1892,111193,1254,189.0,879.0
25.08.2022,114532,1892,111333,1307,193.0,880.0
26.08.2022,114731,1892,111466,1373,199.0,881.0
27.08.2022,114929,1893,111589,1447,198.0,882.0
28.08.2022,115124,1893,111734,1497,195.0,883.0
29.08.2022,115304,1894,111884,1526,180.0,884.0
30.08.2022,115367,1894,112078,1395,63.0,885.0
31.08.2022,115551,1894,112240,1417,184.0,886.0
01.09.2022,115748,1895,112414,1439,197.0,887.0
02.09.2022,115959,1895,112554,1510,211.0,888.0
03.09.2022,116191,1896,112706,1589,232.0,889.0
04.09.2022,116440,1896,112811,1733,249.0,890.0
05.09.2022,116681,1897,112913,1871,241.0,891.0
06.09.2022,116933,1897,113046,1990,252.0,892.0
07.09.2022,117192,1898,113193,2101,259.0,893.0
08.09.2022,117442,1898,113354,2190,250.0,894.0
09.09.2022,117667,1898,113554,2215,225.0,895.0
10.09.2022,117894,1899,113796,2199,227.0,896.0
11.09.2022,118128,1899,113996,2233,234.0,897.0
12.09.2022,118371,1900,114196,2275,243.0,898.0
13.09.2022,118627,1901,114556,2170,256.0,899.0
14.09.2022,118885,1901,114964,2020,258.0,900.0
15.09.2022,119149,1902,115368,1879,264.0,901.0
16.09.2022,119416,1902,115669,1845,267.0,902.0
17.09.2022,119689,1904,115909,1876,273.0,903.0
18.09.2022,119980,1904,116010,2066,291.0,904.0
19.09.2022,120278,1905,116313,2060,298.0,905.0
20.09.2022,120583,1906,116578,2099,305.0,906.0
21.09.2022,120892,1908,116756,2228,309.0,907.0
22.09.2022,121222,1909,117349,1964,330.0,908.0
23.09.2022,121558,1909,117831,1818,336.0,909.0
24.09.2022,121897,1910,118232,1755,339.0,910.0
25.09.2022,122222,1911,118532,1779,325.0,911.0
26.09.2022,122428,1911,118732,1785,206.0,912.0
27.09.2022,122586,1912,118993,1681,158.0,913.0
28.09.2022,122835,1912,119171,1752,249.0,914.0
29.09.2022,123009,1913,119311,1785,174.0,915.0
30.09.2022,123179,1914,119534,1731,170.0,916.0
01.10.2022,123347,1915,119745,1687,168.0,917.0
02.10.2022,123495,1916,119969,1610,148.0,918.0
03.10.2022,123556,1917,120269,1370,61.0,919.0
04.10.2022,123598,1917,120439,1242,42.0,920.0
05.10.2022,123683,1918,120642,1123,85.0,921.0
06.10.2022,123777,1919,120827,1031,94.0,922.0
07.10.2022,123884,1920,120977,987,107.0,923.0
08.10.2022,123985,1921,121080,984,101.0,924.0
09.10.2022,124082,1921,121206,955,97.0,925.0
10.10.2022,124173,1922,121319,932,91.0,926.0
11.10.2022,124254,1923,121432,899,81.0,927.0
12.10.2022,124342,1924,121523,895,88.0,928.0
13.10.2022,124424,1925,121627,872,82.0,929.0
14.10.2022,124498,1926,121720,852,74.0,930.0
15.10.2022,124563,1927,121796,840,65.0,931.0
16.10.2022,124611,1928,121996,687,48.0,932.0
17.10.2022,124636,1929,122082,625,25.0,933.0
18.10.2022,124646,1930,122172,544,10.0,934.0
19.10.2022,124687,1930,122231,526,41.0,935.0
20.10.2022,124730,1931,122276,523,43.0,936.0
21.10.2022,124768,1931,122332,505,38.0,937.0
22.10.2022,124810,1931,122395,484,42.0,938.0
23.10.2022,124849,1932,122495,422,39.0,939.0
24.10.2022,124886,1933,122565,388,37.0,940.0
25.10.2022,124921,1933,122648,340,35.0,941.0
26.10.2022,124960,1933,122723,304,39.0,942.0
27.10.2022,124997,1933,122750,314,37.0,943.0
28.10.2022,125025,1934,122777,314,28.0,944.0
29.10.2022,125054,1934,122815,305,29.0,945.0
30.10.2022,125079,1935,122834,310,25.0,946.0
31.10.2022,125099,1935,122845,319,20.0,947.0
01.11.2022,125115,1936,122876,303,16.0,948.0
02.11.2022,125133,1936,122912,285,18.0,949.0
03.11.2022,125156,1937,122942,277,23.0,950.0
04.11.2022,125183,1937,122960,286,27.0,951.0
05.11.2022,125204,1938,123010,256,21.0,952.0
06.11.2022,125219,1938,123034,247,15.0,953.0
07.11.2022,125229,1939,123054,236,10.0,954.0
08.11.2022,125235,1939,123072,224,6.0,955.0
09.11.2022,125252,1940,123086,226,17.0,956.0
10.11.2022,125274,1940,123107,227,22.0,957.0
11.11.2022,125295,1940,123122,233,21.0,958.0
12.11.2022,125312,1941,123135,236,17.0,959.0
13.11.2022,125328,1941,123140,247,16.0,960.0
14.11.2022,125343,1941,123142,260,15.0,961.0
15.11.2022,125355,1942,123157,256,12.0,962.0
16.11.2022,125374,1942,123170,262,19.0,963.0
17.11.2022,125394,1943,123200,251,20.0,964.0
18.11.2022,125412,1943,123222,247,18.0,965.0
19.11.2022,125426,1944,123231,251,14.0,966.0
20.11.2022,125435,1945,123259,231,9.0,967.0
21.11.2022,125444,1945,123266,233,9.0,968.0
22.11.2022,125456,1946,123286,224,12.0,969.0
23.11.2022,125471,1946,123298,227,15.0,970.0
24.11.2022,125485,1946,123304,235,14.0,971.0
25.11.2022,125497,1947,123313,237,12.0,972.0
26.11.2022,125511,1947,123329,235,14.0,973.0
27.11.2022,125522,1948,123334,240,11.0,974.0
28.11.2022,125529,1948,123340,241,7.0,975.0
29.11.2022,125533,1949,123357,227,4.0,976.0
30.11.2022,125547,1949,123368,230,14.0,977.0
01.12.2022,125564,1950,123376,238,17.0,978.0
02.12.2022,125580,1950,123383,247,16.0,979.0
03.12.2022,125594,1951,123396,247,14.0,980.0
04.12.2022,125606,1951,123406,249,12.0,981.0
05.12.2022,125619,1951,123414,254,13.0,982.0
06.12.2022,125635,1951,123439,245,16.0,983.0
07.12.2022,125654,1951,123448,255,19.0,984.0
08.12.2022,125677,1951,123460,266,23.0,985.0
09.12.2022,125699,1951,123475,273,22.0,986.0
10.12.2022,125716,1951,123498,267,17.0,987.0
11.12.2022,125730,1952,123507,271,14.0,988.0
12.12.2022,125743,1952,123513,278,13.0,989.0
13.12.2022,125756,1952,123531,273,13.0,990.0
14.12.2022,125774,1952,123549,273,18.0,991.0
15.12.2022,125787,1953,123566,268,13.0,992.0
16.12.2022,125801,1953,123578,270,14.0,993.0
17.12.2022,125816,1953,123599,264,15.0,994.0
18.12.2022,125830,1953,123651,226,14.0,995.0
19.12.2022,125838,1953,123659,226,8.0,996.0
20.12.2022,125840,1953,123673,214,2.0,997.0
21.12.2022,125852,1953,123682,217,12.0,998.0
22.12.2022,125866,1953,123695,218,14.0,999.0
23.12.2022,125880,1953,123701,226,14.0,1000.0
24.12.2022,125889,1953,123709,227,9.0,1001.0
25.12.2022,125894,1958,123718,218,5.0,1002.0
26.12.2022,125897,1958,123728,211,3.0,1003.0
27.12.2022,125898,1958,123740,200,1.0,1004.0
28.12.2022,125908,1958,123753,197,10.0,1005.0
29.12.2022,125914,1958,123761,195,6.0,1006.0
30.12.2022,125922,1959,123776,187,8.0,1007.0
31.12.2022,125928,1959,123784,185,6.0,1008.0
01.01.2023,125931,1959,123794,178,3.0,1009.0
02.01.2023,125933,1959,123805,169,2.0,1010.0
03.01.2023,125935,1960,123818,157,2.0,1011.0
04.01.2023,125938,1960,123828,150,3.0,1012.0
05.01.2023,125939,1960,123836,143,1.0,1013.0
06.01.2023,125941,1961,123843,137,2.0,1014.0
07.01.2023,125942,1961,123849,132,1.0,1015.0
08.01.2023,125943,1961,123854,128,1.0,1016.0
09.01.2023,125944,1961,123860,123,1.0,1017.0
10.01.2023,125944,1961,123868,115,0.0,1018.0
11.01.2023,125948,1961,123873,114,4.0,1019.0
12.01.2023,125955,1961,123879,115,7.0,1020.0
13.01.2023,125964,1961,123889,114,9.0,1021.0
14.01.2023,125974,1961,123902,111,10.0,1022.0
15.01.2023,125984,1961,123912,111,10.0,1023.0
16.01.2023,125991,1961,123920,110,7.0,1024.0
17.01.2023,125996,1961,123927,108,5.0,1025.0
18.01.2023,126004,1961,123933,110,8.0,1026.0
19.01.2023,126013,1961,123938,114,9.0,1027.0
20.01.2023,126024,1961,123941,122,11.0,1028.0
21.01.2023,126039,1961,123952,126,15.0,1029.0
22.01.2023,126053,1961,123954,138,14.0,1030.0
23.01.2023,126063,1961,123957,145,10.0,1031.0
24.01.2023,126071,1961,123966,144,8.0,1032.0
25.01.2023,126082,1961,123980,141,11.0,1033.0
26.01.2023,126095,1961,123987,147,13.0,1034.0
27.01.2023,126110,1961,123999,150,15.0,1035.0
28.01.2023,126127,1961,124001,165,17.0,1036.0
29.01.2023,126139,1961,124002,176,12.0,1037.0
30.01.2023,126148,1961,124003,184,9.0,1038.0
31.01.2023,126154,1962,124014,178,6.0,1039.0
01.02.2023,126170,1962,124030,178,16.0,1040.0
02.02.2023,126190,1962,124045,183,20.0,1041.0
03.02.2023,126215,1962,124060,193,25.0,1042.0
04.02.2023,126238,1963,124074,201,23.0,1043.0
05.02.2023,126265,1963,124074,228,27.0,1044.0
06.02.2023,126287,1963,124096,228,22.0,1045.0
07.02.2023,126302,1963,124097,242,15.0,1046.0
08.02.2023,126324,1963,124127,234,22.0,1047.0
09.02.2023,126349,1963,124139,247,25.0,1048.0
10.02.2023,126375,1963,124171,241,26.0,1049.0
11.02.2023,126410,1963,124203,244,35.0,1050.0
12.02.2023,126446,1963,124213,270,36.0,1051.0
13.02.2023,126475,1963,124223,289,29.0,1052.0
14.02.2023,126504,1963,124257,284,29.0,1053.0
15.02.2023,126541,1963,124280,298,37.0,1054.0
16.02.2023,126580,1964,124309,307,39.0,1055.0
17.02.2023,126620,1964,124354,302,40.0,1056.0
18.02.2023,126665,1964,124384,317,45.0,1057.0
19.02.2023,126706,1964,124392,350,41.0,1058.0
20.02.2023,126753,1964,124402,387,47.0,1059.0
21.02.2023,126800,1965,124465,370,47.0,1060.0
22.02.2023,126849,1965,124486,398,49.0,1061.0
23.02.2023,126899,1965,124528,406,50.0,1062.0
24.02.2023,126938,1965,124547,426,39.0,1063.0
25.02.2023,126955,1965,124552,438,17.0,1064.0
26.02.2023,126974,1965,124555,454,19.0,1065.0
27.02.2023,126992,1965,124557,470,18.0,1066.0
28.02.2023,127009,1965,124623,421,17.0,1067.0
01.03.2023,127057,1965,124690,402,48.0,1068.0
02.03.2023,127115,1965,124720,430,58.0,1069.0
03.03.2023,127168,1965,124742,461,53.0,1070.0
04.03.2023,127227,1965,124759,503,59.0,1071.0
05.03.2023,127285,1965,124809,511,58.0,1072.0
06.03.2023,127332,1965,124833,534,47.0,1073.0
07.03.2023,127360,1965,124879,516,28.0,1074.0
08.03.2023,127392,1965,124928,499,32.0,1075.0
09.03.2023,127429,1965,124969,495,37.0,1076.0
10.03.2023,127465,1965,125023,477,36.0,1077.0
11.03.2023,127510,1965,125078,467,45.0,1078.0
12.03.2023,127559,1965,125093,501,49.0,1079.0
13.03.2023,127596,1965,125127,504,37.0,1080.0
14.03.2023,127620,1965,125176,479,24.0,1081.0
15.03.2023,127669,1965,125236,468,49.0,1082.0
16.03.2023,127723,1965,125251,507,54.0,1083.0
17.03.2023,127786,1965,125284,537,63.0,1084.0
18.03.2023,127857,1965,125327,565,71.0,1085.0
19.03.2023,127922,1965,125337,620,65.0,1086.0
20.03.2023,127971,1965,125371,635,49.0,1087.0
21.03.2023,128001,1965,125458,578,30.0,1088.0
22.03.2023,128048,1966,125512,570,47.0,1089.0
23.03.2023,128108,1966,125554,588,60.0,1090.0
24.03.2023,128171,1966,125618,587,63.0,1091.0
25.03.2023,128236,1966,125664,606,65.0,1092.0
26.03.2023,128298,1966,125679,653,62.0,1093.0
27.03.2023,128344,1966,125684,694,46.0,1094.0
28.03.2023,128374,1966,125756,652,30.0,1095.0
29.03.2023,128419,1966,125771,682,45.0,1096.0
30.03.2023,128472,1967,125832,673,53.0,1097.0
31.03.2023,128513,1967,125889,657,41.0,1098.0
01.04.2023,128587,1967,125962,658,74.0,1099.0
02.04.2023,128630,1967,126042,621,43.0,1100.0
03.04.2023,128649,1967,126085,597,19.0,1101.0
04.04.2023,128660,1967,126156,537,11.0,1102.0
05.04.2023,128695,1968,126240,487,35.0,1103.0
06.04.2023,128741,1969,126319,453,46.0,1104.0
07.04.2023,128788,1969,126398,421,47.0,1105.0
08.04.2023,128829,1969,126486,374,41.0,1106.0
09.04.2023,128866,1969,126511,386,37.0,1107.0
10.04.2023,128897,1969,126551,377,31.0,1108.0
11.04.2023,128922,1969,126594,359,25.0,1109.0
12.04.2023,128959,1969,126629,361,37.0,1110.0
13.04.2023,129002,1969,126664,369,43.0,1111.0
14.04.2023,129054,1969,126695,390,52.0,1112.0
15.04.2023,129108,1969,126728,411,54.0,1113.0
16.04.2023,129152,1969,126754,429,44.0,1114.0
17.04.2023,129182,1969,126778,435,30.0,1115.0
18.04.2023,129202,1970,126841,391,20.0,1116.0
19.04.2023,129234,1970,126892,372,32.0,1117.0
20.04.2023,129265,1970,126952,343,31.0,1118.0
21.04.2023,129298,1970,126974,354,33.0,1119.0
22.04.2023,129335,1971,127002,362,37.0,1120.0
23.04.2023,129363,1972,127035,356,28.0,1121.0
24.04.2023,129390,1972,127064,354,27.0,1122.0
25.04.2023,129411,1973,127089,349,21.0,1123.0
26.04.2023,129441,1973,127121,347,30.0,1124.0
27.04.2023,129475,1974,127150,351,34.0,1125.0
28.04.2023,129512,1974,127181,357,37.0,1126.0
29.04.2023,129554,1974,127217,363,42.0,1127.0
30.04.2023,129592,1975,127287,330,38.0,1128.0
01.05.2023,129618,1976,127313,329,26.0,1129.0
02.05.2023,129629,1976,127343,310,11.0,1130.0
03.05.2023,129639,1976,127378,285,10.0,1131.0
04.05.2023,129662,1977,127439,246,23.0,1132.0
05.05.2023,129698,1977,127480,241,36.0,1133.0
06.05.2023,129738,1977,127508,253,40.0,1134.0
07.05.2023,129762,1977,127510,275,24.0,1135.0
08.05.2023,129780,1977,127510,293,18.0,1136.0
09.05.2023,129794,1977,127515,302,14.0,1137.0
10.05.2023,129807,1977,127520,310,13.0,1138.0
11.05.2023,129818,1977,127557,284,11.0,1139.0
12.05.2023,129834,1977,127614,243,16.0,1140.0
13.05.2023,129849,1977,127647,225,15.0,1141.0
14.05.2023,129869,1977,127660,232,20.0,1142.0
15.05.2023,129887,1977,127665,245,18.0,1143.0
23.05.2023,130004,1977,127792,235,117.0,1151.0
30.05.2023,130080,1977,127910,193,76.0,1158.0
06.06.2023,130148,1978,128067,103,68.0,1165.0
13.06.2023,130171,1980,128094,97,23.0,1172.0
20.06.2023,130182,1980,128117,85,11.0,1179.0
27.06.2023,130209,1980,128147,82,27.0,1186.0
