Даты (дни);Столбец1;Столбец2;Дата;Дата (день);Зараженныъ, чел/сутки;Расчетное значение, чел/сутки;Остаток
0.0;;;28.03.2020;28.03.2020;6;100.88;-94.88
1.0;;;28.03.2020;29.03.2020;0;101.04;-101.04
2.0;;;28.03.2020;30.03.2020;3;101.04;-98.04
3.0;;;28.03.2020;31.03.2020;0;101.04;-101.04
4.0;;;28.03.2020;01.04.2020;0;101.04;-101.04
5.0;;;28.03.2020;02.04.2020;0;101.04;-101.04
6.0;;;28.03.2020;03.04.2020;0;101.04;-101.04
7.0;;;28.03.2020;04.04.2020;0;101.04;-101.04
8.0;;;28.03.2020;05.04.2020;0;101.04;-101.04
9.0;;;28.03.2020;06.04.2020;1;101.04;-100.04
10.0;;;28.03.2020;07.04.2020;4;101.04;-97.04
11.0;;;28.03.2020;08.04.2020;0;101.04;-101.04
12.0;;;28.03.2020;09.04.2020;2;101.04;-99.04
13.0;;;28.03.2020;10.04.2020;0;101.04;-101.04
14.0;;;28.03.2020;11.04.2020;0;101.04;-101.04
15.0;;;28.03.2020;12.04.2020;0;101.04;-101.04
16.0;;;28.03.2020;13.04.2020;5;101.04;-96.04
17.0;;;28.03.2020;14.04.2020;0;101.04;-101.04
18.0;;;28.03.2020;15.04.2020;6;101.04;-95.04
19.0;;;28.03.2020;16.04.2020;5;101.04;-96.04
20.0;;;28.03.2020;17.04.2020;5;101.04;-96.04
21.0;;;28.03.2020;18.04.2020;5;101.04;-96.04
22.0;;;28.03.2020;19.04.2020;2;101.04;-99.04
23.0;;;28.03.2020;20.04.2020;8;101.04;-93.04
24.0;;;28.03.2020;21.04.2020;6;101.04;-95.04
25.0;;;28.03.2020;22.04.2020;4;101.04;-97.04
26.0;;;28.03.2020;23.04.2020;4;101.04;-97.04
27.0;;;28.03.2020;24.04.2020;15;101.04;-86.04
28.0;;;28.03.2020;25.04.2020;12;101.04;-89.04
29.0;;;28.03.2020;26.04.2020;17;101.04;-84.04
30.0;;;28.03.2020;27.04.2020;14;101.04;-87.04
31.0;;;28.03.2020;28.04.2020;4;101.04;-97.04
32.0;;;28.03.2020;29.04.2020;14;101.04;-87.04
33.0;;;28.03.2020;30.04.2020;7;101.04;-94.04
34.0;;;28.03.2020;01.05.2020;4;101.04;-97.04
35.0;;;28.03.2020;02.05.2020;24;101.04;-77.04
36.0;;;28.03.2020;03.05.2020;18;101.04;-83.04
37.0;;;28.03.2020;04.05.2020;1;101.04;-100.04
38.0;;;28.03.2020;05.05.2020;18;101.04;-83.04
39.0;;;28.03.2020;06.05.2020;12;101.04;-89.04
40.0;;;28.03.2020;07.05.2020;17;101.04;-84.04
41.0;;;28.03.2020;08.05.2020;27;101.04;-74.04
42.0;;;28.03.2020;09.05.2020;7;101.04;-94.04
43.0;;;28.03.2020;10.05.2020;16;101.04;-85.04
44.0;;;28.03.2020;11.05.2020;15;101.04;-86.04
45.0;;;28.03.2020;12.05.2020;20;101.04;-81.04
46.0;;;28.03.2020;13.05.2020;11;101.04;-90.04
47.0;;;28.03.2020;14.05.2020;12;101.04;-89.04
48.0;;;28.03.2020;15.05.2020;16;101.04;-85.04
49.0;;;28.03.2020;16.05.2020;19;101.04;-82.04
50.0;;;28.03.2020;17.05.2020;19;101.04;-82.04
51.0;;;28.03.2020;18.05.2020;19;101.04;-82.04
52.0;;;28.03.2020;19.05.2020;27;101.04;-74.04
53.0;;;28.03.2020;20.05.2020;10;101.04;-91.04
54.0;;;28.03.2020;21.05.2020;33;101.04;-68.04
55.0;;;28.03.2020;22.05.2020;19;101.04;-82.04
56.0;;;28.03.2020;23.05.2020;30;101.04;-71.04
57.0;;;28.03.2020;24.05.2020;23;101.04;-78.04
58.0;;;28.03.2020;25.05.2020;26;101.04;-75.04
59.0;;;28.03.2020;26.05.2020;16;101.04;-85.04
60.0;;;28.03.2020;27.05.2020;21;101.04;-80.04
61.0;;;28.03.2020;28.05.2020;42;101.04;-59.04
62.0;;;28.03.2020;29.05.2020;52;101.04;-49.04
63.0;;;28.03.2020;30.05.2020;42;101.04;-59.04
64.0;;;28.03.2020;31.05.2020;59;101.04;-42.04
65.0;;;28.03.2020;01.06.2020;63;101.04;-38.04
66.0;;;28.03.2020;02.06.2020;23;101.04;-78.04
67.0;;;28.03.2020;03.06.2020;44;101.04;-57.04
68.0;;;28.03.2020;04.06.2020;112;101.04;10.96
69.0;;;28.03.2020;05.06.2020;65;101.04;-36.04
70.0;;;28.03.2020;06.06.2020;32;101.04;-69.04
71.0;;;28.03.2020;07.06.2020;69;101.04;-32.04
72.0;;;28.03.2020;08.06.2020;37;101.04;-64.04
73.0;;;28.03.2020;09.06.2020;37;101.04;-64.04
74.0;;;28.03.2020;10.06.2020;60;101.04;-41.04
75.0;;;28.03.2020;11.06.2020;59;101.04;-42.04
76.0;;;28.03.2020;12.06.2020;110;101.04;8.96
77.0;;;28.03.2020;13.06.2020;100;101.04;-1.04
78.0;;;28.03.2020;14.06.2020;105;101.04;3.96
79.0;;;28.03.2020;15.06.2020;98;101.04;-3.04
80.0;;;28.03.2020;16.06.2020;63;101.04;-38.04
81.0;;;28.03.2020;17.06.2020;95;101.04;-6.04
82.0;;;28.03.2020;18.06.2020;51;101.04;-50.04
83.0;;;28.03.2020;19.06.2020;41;101.04;-60.04
84.0;;;28.03.2020;20.06.2020;95;101.04;-6.04
85.0;;;28.03.2020;21.06.2020;95;101.04;-6.04
86.0;;;28.03.2020;22.06.2020;75;101.04;-26.04
87.0;;;28.03.2020;23.06.2020;61;101.04;-40.04
88.0;;;28.03.2020;24.06.2020;44;101.04;-57.04
89.0;;;28.03.2020;25.06.2020;69;101.04;-32.04
90.0;;;28.03.2020;26.06.2020;37;101.04;-64.04
91.0;;;28.03.2020;27.06.2020;45;101.04;-56.04
92.0;;;28.03.2020;28.06.2020;58;101.04;-43.04
93.0;;;28.03.2020;29.06.2020;55;101.04;-46.04
94.0;;;28.03.2020;30.06.2020;35;101.04;-66.04
95.0;;;28.03.2020;01.07.2020;73;101.04;-28.04
96.0;;;28.03.2020;02.07.2020;45;101.04;-56.04
97.0;;;28.03.2020;03.07.2020;57;101.04;-44.04
98.0;;;28.03.2020;04.07.2020;35;101.04;-66.04
99.0;;;28.03.2020;05.07.2020;51;101.04;-50.04
100.0;;;28.03.2020;06.07.2020;26;101.04;-75.04
101.0;;;28.03.2020;07.07.2020;38;101.04;-63.04
102.0;;;28.03.2020;08.07.2020;27;101.04;-74.04
103.0;;;28.03.2020;09.07.2020;28;101.04;-73.04
104.0;;;28.03.2020;10.07.2020;35;101.04;-66.04
105.0;;;28.03.2020;11.07.2020;26;101.04;-75.04
106.0;;;28.03.2020;12.07.2020;16;101.04;-85.04
107.0;;;28.03.2020;13.07.2020;31;101.04;-70.04
108.0;;;28.03.2020;14.07.2020;12;101.04;-89.04
109.0;;;28.03.2020;15.07.2020;34;101.04;-67.04
110.0;;;28.03.2020;16.07.2020;36;101.04;-65.04
111.0;;;28.03.2020;17.07.2020;27;101.04;-74.04
112.0;;;28.03.2020;18.07.2020;18;101.04;-83.04
113.0;;;28.03.2020;19.07.2020;30;101.04;-71.04
114.0;;;28.03.2020;20.07.2020;19;101.04;-82.04
115.0;;;28.03.2020;21.07.2020;16;101.04;-85.04
116.0;;;28.03.2020;22.07.2020;17;101.04;-84.04
117.0;;;28.03.2020;23.07.2020;32;101.04;-69.04
118.0;;;28.03.2020;24.07.2020;48;101.04;-53.04
119.0;;;28.03.2020;25.07.2020;20;101.04;-81.04
120.0;;;28.03.2020;26.07.2020;28;101.04;-73.04
121.0;;;28.03.2020;27.07.2020;36;101.04;-65.04
122.0;;;28.03.2020;28.07.2020;15;101.04;-86.04
123.0;;;28.03.2020;29.07.2020;13;101.04;-88.04
124.0;;;28.03.2020;30.07.2020;40;101.04;-61.04
125.0;;;28.03.2020;31.07.2020;42;101.04;-59.04
126.0;;;28.03.2020;01.08.2020;33;101.04;-68.04
127.0;;;28.03.2020;02.08.2020;36;101.04;-65.04
128.0;;;28.03.2020;03.08.2020;37;101.04;-64.04
129.0;;;28.03.2020;04.08.2020;1;101.04;-100.04
130.0;;;28.03.2020;05.08.2020;4;101.04;-97.04
131.0;;;28.03.2020;06.08.2020;30;101.04;-71.04
132.0;;;28.03.2020;07.08.2020;20;101.04;-81.04
133.0;;;28.03.2020;08.08.2020;19;101.04;-82.04
134.0;;;28.03.2020;09.08.2020;20;101.04;-81.04
135.0;;;28.03.2020;10.08.2020;33;101.04;-68.04
136.0;;;28.03.2020;11.08.2020;21;101.04;-80.04
137.0;;;28.03.2020;12.08.2020;19;101.04;-82.04
138.0;;;28.03.2020;13.08.2020;37;101.04;-64.04
139.0;;;28.03.2020;14.08.2020;32;101.04;-69.04
140.0;;;28.03.2020;15.08.2020;39;101.04;-62.04
141.0;;;28.03.2020;16.08.2020;34;101.04;-67.04
142.0;;;28.03.2020;17.08.2020;47;101.04;-54.04
143.0;;;28.03.2020;18.08.2020;25;101.04;-76.04
144.0;;;28.03.2020;19.08.2020;27;101.04;-74.04
145.0;;;28.03.2020;20.08.2020;37;101.04;-64.04
146.0;;;28.03.2020;21.08.2020;35;101.04;-66.04
147.0;;;28.03.2020;22.08.2020;36;101.04;-65.04
148.0;;;28.03.2020;23.08.2020;34;101.04;-67.04
149.0;;;28.03.2020;24.08.2020;50;101.04;-51.04
150.0;;;28.03.2020;25.08.2020;24;101.04;-77.04
151.0;;;28.03.2020;26.08.2020;41;101.04;-60.04
152.0;;;28.03.2020;27.08.2020;28;101.04;-73.04
153.0;;;28.03.2020;28.08.2020;30;101.04;-71.04
154.0;;;28.03.2020;29.08.2020;24;101.04;-77.04
155.0;;;28.03.2020;30.08.2020;22;101.04;-79.04
156.0;;;28.03.2020;31.08.2020;32;101.04;-69.04
157.0;;;28.03.2020;01.09.2020;3;101.04;-98.04
158.0;;;28.03.2020;02.09.2020;24;101.04;-77.04
159.0;;;28.03.2020;03.09.2020;23;101.04;-78.04
160.0;;;28.03.2020;04.09.2020;26;101.04;-75.04
161.0;;;28.03.2020;05.09.2020;34;101.04;-67.04
162.0;;;28.03.2020;06.09.2020;21;101.04;-80.04
163.0;;;28.03.2020;07.09.2020;25;101.04;-76.04
164.0;;;28.03.2020;08.09.2020;21;101.04;-80.04
165.0;;;28.03.2020;09.09.2020;20;101.04;-81.04
166.0;;;28.03.2020;10.09.2020;27;101.04;-74.04
167.0;;;28.03.2020;11.09.2020;18;101.04;-83.04
168.0;;;28.03.2020;12.09.2020;38;101.04;-63.04
169.0;;;28.03.2020;13.09.2020;32;101.04;-69.04
170.0;;;28.03.2020;14.09.2020;21;101.04;-80.04
171.0;;;28.03.2020;15.09.2020;14;101.04;-87.04
172.0;;;28.03.2020;16.09.2020;19;101.04;-82.04
173.0;;;28.03.2020;17.09.2020;29;101.04;-72.04
174.0;;;28.03.2020;18.09.2020;27;101.04;-74.04
175.0;;;28.03.2020;19.09.2020;34;101.04;-67.04
176.0;;;28.03.2020;20.09.2020;42;101.04;-59.04
177.0;;;28.03.2020;21.09.2020;39;101.04;-62.04
178.0;;;28.03.2020;22.09.2020;24;101.04;-77.04
179.0;;;28.03.2020;23.09.2020;23;101.04;-78.04
180.0;;;28.03.2020;24.09.2020;25;101.04;-76.04
181.0;;;28.03.2020;25.09.2020;32;101.04;-69.04
182.0;;;28.03.2020;26.09.2020;44;101.04;-57.04
183.0;;;28.03.2020;27.09.2020;41;101.04;-60.04
184.0;;;28.03.2020;28.09.2020;37;101.04;-64.04
185.0;;;28.03.2020;29.09.2020;14;101.04;-87.04
186.0;;;28.03.2020;30.09.2020;34;101.04;-67.04
187.0;;;28.03.2020;01.10.2020;30;101.04;-71.04
188.0;;;28.03.2020;02.10.2020;38;101.04;-63.04
189.0;;;28.03.2020;03.10.2020;48;101.04;-53.04
190.0;;;28.03.2020;04.10.2020;49;101.04;-52.04
191.0;;;28.03.2020;05.10.2020;50;101.04;-51.04
192.0;;;28.03.2020;06.10.2020;58;101.04;-43.04
193.0;;;28.03.2020;07.10.2020;50;101.04;-51.04
194.0;;;28.03.2020;08.10.2020;49;101.04;-52.04
195.0;;;28.03.2020;09.10.2020;37;101.04;-64.04
196.0;;;28.03.2020;10.10.2020;45;101.04;-56.04
197.0;;;28.03.2020;11.10.2020;56;101.04;-45.04
198.0;;;28.03.2020;12.10.2020;63;101.04;-38.04
199.0;;;28.03.2020;13.10.2020;61;101.04;-40.04
200.0;;;28.03.2020;14.10.2020;64;101.04;-37.04
201.0;;;28.03.2020;15.10.2020;64;101.04;-37.04
202.0;;;28.03.2020;16.10.2020;66;101.04;-35.04
203.0;;;28.03.2020;17.10.2020;75;101.04;-26.04
204.0;;;28.03.2020;18.10.2020;86;101.04;-15.04
205.0;;;28.03.2020;19.10.2020;89;101.04;-12.04
206.0;;;28.03.2020;20.10.2020;98;101.04;-3.04
207.0;;;28.03.2020;21.10.2020;85;101.04;-16.04
208.0;;;28.03.2020;22.10.2020;98;101.04;-3.04
209.0;;;28.03.2020;23.10.2020;97;101.04;-4.04
210.0;;;28.03.2020;24.10.2020;109;101.04;7.96
211.0;;;28.03.2020;25.10.2020;110;101.04;8.96
212.0;;;28.03.2020;26.10.2020;110;101.04;8.96
213.0;;;28.03.2020;27.10.2020;110;101.04;8.96
214.0;;;28.03.2020;28.10.2020;116;101.04;14.96
215.0;;;28.03.2020;29.10.2020;115;101.04;13.96
216.0;;;28.03.2020;30.10.2020;110;101.04;8.96
217.0;;;28.03.2020;31.10.2020;117;101.04;15.96
218.0;;;28.03.2020;01.11.2020;119;101.04;17.96
219.0;;;28.03.2020;02.11.2020;117;101.04;15.96
220.0;;;28.03.2020;03.11.2020;120;101.04;18.96
221.0;;;28.03.2020;04.11.2020;126;101.04;24.96
222.0;;;28.03.2020;05.11.2020;120;101.04;18.96
223.0;;;28.03.2020;06.11.2020;118;101.04;16.96
224.0;;;28.03.2020;07.11.2020;127;101.04;25.96
225.0;;;28.03.2020;08.11.2020;128;101.04;26.96
226.0;;;28.03.2020;09.11.2020;85;101.04;-16.04
227.0;;;28.03.2020;10.11.2020;129;101.04;27.96
228.0;;;28.03.2020;11.11.2020;130;101.04;28.96
229.0;;;28.03.2020;12.11.2020;137;101.04;35.96
230.0;;;28.03.2020;13.11.2020;148;101.04;46.96
231.0;;;28.03.2020;14.11.2020;152;101.04;50.96
232.0;;;28.03.2020;15.11.2020;150;101.04;48.96
233.0;;;28.03.2020;16.11.2020;160;101.04;58.96
234.0;;;28.03.2020;17.11.2020;170;101.04;68.96
235.0;;;28.03.2020;18.11.2020;167;101.04;65.96
236.0;;;28.03.2020;19.11.2020;165;101.04;63.96
237.0;;;28.03.2020;20.11.2020;163;101.04;61.96
238.0;;;28.03.2020;21.11.2020;169;101.04;67.96
239.0;;;28.03.2020;22.11.2020;167;101.04;65.96
240.0;;;28.03.2020;23.11.2020;169;101.04;67.96
241.0;;;28.03.2020;24.11.2020;170;101.04;68.96
242.0;;;28.03.2020;25.11.2020;175;101.04;73.96
243.0;;;28.03.2020;26.11.2020;178;101.04;76.96
244.0;;;28.03.2020;27.11.2020;180;101.04;78.96
245.0;;;28.03.2020;28.11.2020;185;101.04;83.96
246.0;;;28.03.2020;29.11.2020;195;101.04;93.96
247.0;;;28.03.2020;30.11.2020;194;101.04;92.96
248.0;;;28.03.2020;01.12.2020;195;101.04;93.96
249.0;;;28.03.2020;02.12.2020;195;101.04;93.96
250.0;;;28.03.2020;03.12.2020;199;101.04;97.96
251.0;;;28.03.2020;04.12.2020;199;101.04;97.96
252.0;;;28.03.2020;05.12.2020;198;101.19;96.81
253.0;;;28.03.2020;06.12.2020;880;596.58;283.42
254.0;;;28.03.2020;07.12.2020;250;53.32;196.68
255.0;;;28.03.2020;08.12.2020;284;100.69;183.31
256.0;;;28.03.2020;09.12.2020;335;101.08;233.92
257.0;;;28.03.2020;10.12.2020;271;101.05;169.95
258.0;;;28.03.2020;11.12.2020;297;101.31;195.69
259.0;;;28.03.2020;12.12.2020;330;105.64;224.36
260.0;;;28.03.2020;13.12.2020;329;118.26;210.74
261.0;;;28.03.2020;14.12.2020;328;157.19;170.81
262.0;;;28.03.2020;15.12.2020;348;283.81;64.19
263.0;;;28.03.2020;16.12.2020;359;426.23;-67.23
264.0;;;28.03.2020;17.12.2020;357;515.57;-158.57
265.0;;;28.03.2020;18.12.2020;375;577.93;-202.93
266.0;;;28.03.2020;19.12.2020;393;594.67;-201.67
267.0;;;28.03.2020;20.12.2020;395;596.40;-201.40
268.0;;;28.03.2020;21.12.2020;394;596.56;-202.56
269.0;;;28.03.2020;22.12.2020;398;596.58;-198.58
270.0;;;28.03.2020;23.12.2020;416;596.58;-180.58
271.0;;;28.03.2020;24.12.2020;442;596.58;-154.58
272.0;;;28.03.2020;25.12.2020;416;596.58;-180.58
273.0;;;28.03.2020;26.12.2020;425;596.58;-171.58
274.0;;;28.03.2020;27.12.2020;398;596.58;-198.58
275.0;;;28.03.2020;28.12.2020;396;596.55;-200.55
276.0;;;28.03.2020;29.12.2020;394;596.27;-202.27
277.0;;;28.03.2020;30.12.2020;395;593.42;-198.42
278.0;;;28.03.2020;31.12.2020;392;562.16;-170.16
279.0;;;28.03.2020;01.01.2021;303;100.72;202.28
280.0;;;28.03.2020;02.01.2021;270;97.50;172.50
281.0;;;28.03.2020;03.01.2021;205;100.92;104.08
282.0;;;28.03.2020;04.01.2021;245;101.04;143.96
283.0;;;28.03.2020;05.01.2021;195;101.04;93.96
284.0;;;28.03.2020;06.01.2021;242;101.04;140.96
285.0;;;28.03.2020;07.01.2021;261;101.04;159.96
286.0;;;28.03.2020;08.01.2021;167;101.04;65.96
287.0;;;28.03.2020;09.01.2021;183;101.04;81.96
288.0;;;28.03.2020;10.01.2021;205;101.04;103.96
289.0;;;28.03.2020;11.01.2021;239;101.04;137.96
290.0;;;28.03.2020;12.01.2021;229;101.04;127.96
291.0;;;28.03.2020;13.01.2021;245;101.04;143.96
292.0;;;28.03.2020;14.01.2021;199;101.04;97.96
293.0;;;28.03.2020;15.01.2021;274;101.04;172.96
294.0;;;28.03.2020;16.01.2021;184;101.04;82.96
295.0;;;28.03.2020;17.01.2021;271;101.04;169.96
296.0;;;28.03.2020;18.01.2021;210;101.04;108.96
297.0;;;28.03.2020;19.01.2021;183;101.04;81.96
298.0;;;28.03.2020;20.01.2021;197;101.04;95.96
299.0;;;28.03.2020;21.01.2021;132;101.04;30.96
300.0;;;28.03.2020;22.01.2021;195;101.04;93.96
301.0;;;28.03.2020;23.01.2021;163;101.04;61.96
302.0;;;28.03.2020;24.01.2021;181;101.04;79.96
303.0;;;28.03.2020;25.01.2021;92;101.04;-9.04
304.0;;;28.03.2020;26.01.2021;145;101.04;43.96
305.0;;;28.03.2020;27.01.2021;63;101.04;-38.04
306.0;;;28.03.2020;28.01.2021;98;101.04;-3.04
307.0;;;28.03.2020;29.01.2021;136;101.04;34.96
308.0;;;28.03.2020;30.01.2021;171;101.04;69.96
309.0;;;28.03.2020;31.01.2021;150;101.04;48.96
310.0;;;28.03.2020;01.02.2021;165;101.04;63.96
311.0;;;28.03.2020;02.02.2021;115;101.04;13.96
312.0;;;28.03.2020;03.02.2021;42;101.04;-59.04
313.0;;;28.03.2020;04.02.2021;101;101.04;-0.04
314.0;;;28.03.2020;05.02.2021;124;101.04;22.96
315.0;;;28.03.2020;06.02.2021;163;101.04;61.96
316.0;;;28.03.2020;07.02.2021;83;101.04;-18.04
317.0;;;28.03.2020;08.02.2021;93;101.04;-8.04
318.0;;;28.03.2020;09.02.2021;40;101.04;-61.04
319.0;;;28.03.2020;10.02.2021;81;101.04;-20.04
320.0;;;28.03.2020;11.02.2021;76;101.04;-25.04
321.0;;;28.03.2020;12.02.2021;65;101.04;-36.04
322.0;;;28.03.2020;13.02.2021;115;101.04;13.96
323.0;;;28.03.2020;14.02.2021;111;101.04;9.96
324.0;;;28.03.2020;15.02.2021;104;101.04;2.96
325.0;;;28.03.2020;16.02.2021;58;101.04;-43.04
326.0;;;28.03.2020;17.02.2021;59;101.04;-42.04
327.0;;;28.03.2020;18.02.2021;70;101.04;-31.04
328.0;;;28.03.2020;19.02.2021;115;101.04;13.96
329.0;;;28.03.2020;20.02.2021;91;101.04;-10.04
330.0;;;28.03.2020;21.02.2021;115;101.04;13.96
331.0;;;28.03.2020;22.02.2021;111;101.04;9.96
332.0;;;28.03.2020;23.02.2021;117;101.04;15.96
333.0;;;28.03.2020;24.02.2021;54;101.04;-47.04
334.0;;;28.03.2020;25.02.2021;63;101.04;-38.04
335.0;;;28.03.2020;26.02.2021;72;101.04;-29.04
336.0;;;28.03.2020;27.02.2021;75;101.04;-26.04
337.0;;;28.03.2020;28.02.2021;96;101.04;-5.04
338.0;;;28.03.2020;01.03.2021;94;101.04;-7.04
339.0;;;28.03.2020;02.03.2021;99;101.04;-2.04
340.0;;;28.03.2020;03.03.2021;89;101.04;-12.04
341.0;;;28.03.2020;04.03.2021;92;101.04;-9.04
342.0;;;28.03.2020;05.03.2021;90;101.04;-11.04
343.0;;;28.03.2020;06.03.2021;97;101.04;-4.04
344.0;;;28.03.2020;07.03.2021;94;101.04;-7.04
345.0;;;28.03.2020;08.03.2021;98;101.04;-3.04
346.0;;;28.03.2020;09.03.2021;89;101.04;-12.04
347.0;;;28.03.2020;10.03.2021;53;101.04;-48.04
348.0;;;28.03.2020;11.03.2021;34;101.04;-67.04
349.0;;;28.03.2020;12.03.2021;75;101.04;-26.04
350.0;;;28.03.2020;13.03.2021;94;101.04;-7.04
351.0;;;28.03.2020;14.03.2021;97;101.04;-4.04
352.0;;;28.03.2020;15.03.2021;95;101.04;-6.04
353.0;;;28.03.2020;16.03.2021;92;101.04;-9.04
354.0;;;28.03.2020;17.03.2021;52;101.04;-49.04
355.0;;;28.03.2020;18.03.2021;66;101.04;-35.04
356.0;;;28.03.2020;19.03.2021;68;101.04;-33.04
357.0;;;28.03.2020;20.03.2021;73;101.04;-28.04
358.0;;;28.03.2020;21.03.2021;70;101.04;-31.04
359.0;;;28.03.2020;22.03.2021;69;101.04;-32.04
360.0;;;28.03.2020;23.03.2021;68;101.04;-33.04
361.0;;;28.03.2020;24.03.2021;63;101.04;-38.04
362.0;;;28.03.2020;25.03.2021;73;101.04;-28.04
363.0;;;28.03.2020;26.03.2021;76;101.04;-25.04
364.0;;;28.03.2020;27.03.2021;69;101.04;-32.04
365.0;;;28.03.2020;28.03.2021;71;101.04;-30.04
366.0;;;28.03.2020;29.03.2021;46;101.04;-55.04
367.0;;;28.03.2020;30.03.2021;51;101.04;-50.04
368.0;;;28.03.2020;31.03.2021;67;101.04;-34.04
369.0;;;28.03.2020;01.04.2021;77;101.04;-24.04
370.0;;;28.03.2020;02.04.2021;89;101.04;-12.04
371.0;;;28.03.2020;03.04.2021;91;101.04;-10.04
372.0;;;28.03.2020;04.04.2021;81;101.04;-20.04
373.0;;;28.03.2020;05.04.2021;79;101.04;-22.04
374.0;;;28.03.2020;06.04.2021;51;101.04;-50.04
375.0;;;28.03.2020;07.04.2021;50;101.04;-51.04
376.0;;;28.03.2020;08.04.2021;44;101.04;-57.04
377.0;;;28.03.2020;09.04.2021;67;101.04;-34.04
378.0;;;28.03.2020;10.04.2021;70;101.04;-31.04
379.0;;;28.03.2020;11.04.2021;67;101.04;-34.04
380.0;;;28.03.2020;12.04.2021;66;101.04;-35.04
381.0;;;28.03.2020;13.04.2021;49;101.04;-52.04
382.0;;;28.03.2020;14.04.2021;59;101.04;-42.04
383.0;;;28.03.2020;15.04.2021;51;101.04;-50.04
384.0;;;28.03.2020;16.04.2021;70;101.04;-31.04
385.0;;;28.03.2020;17.04.2021;73;101.04;-28.04
386.0;;;28.03.2020;18.04.2021;71;101.04;-30.04
387.0;;;28.03.2020;19.04.2021;69;101.04;-32.04
388.0;;;28.03.2020;20.04.2021;49;101.04;-52.04
389.0;;;28.03.2020;21.04.2021;55;101.04;-46.04
390.0;;;28.03.2020;22.04.2021;59;101.04;-42.04
391.0;;;28.03.2020;23.04.2021;59;101.04;-42.04
392.0;;;28.03.2020;24.04.2021;69;101.04;-32.04
393.0;;;28.03.2020;25.04.2021;78;101.04;-23.04
394.0;;;28.03.2020;26.04.2021;51;101.04;-50.04
395.0;;;28.03.2020;27.04.2021;45;101.04;-56.04
396.0;;;28.03.2020;28.04.2021;52;101.04;-49.04
397.0;;;28.03.2020;29.04.2021;65;101.04;-36.04
398.0;;;28.03.2020;30.04.2021;69;101.04;-32.04
399.0;;;28.03.2020;01.05.2021;72;101.04;-29.04
400.0;;;28.03.2020;02.05.2021;90;101.04;-11.04
401.0;;;28.03.2020;03.05.2021;77;101.04;-24.04
402.0;;;28.03.2020;04.05.2021;69;101.04;-32.04
403.0;;;28.03.2020;05.05.2021;51;101.04;-50.04
404.0;;;28.03.2020;06.05.2021;35;101.04;-66.04
405.0;;;28.03.2020;07.05.2021;49;101.04;-52.04
406.0;;;28.03.2020;08.05.2021;40;101.04;-61.04
407.0;;;28.03.2020;09.05.2021;57;101.04;-44.04
408.0;;;28.03.2020;10.05.2021;53;101.04;-48.04
409.0;;;28.03.2020;11.05.2021;52;101.04;-49.04
410.0;;;28.03.2020;12.05.2021;51;101.04;-50.04
411.0;;;28.03.2020;13.05.2021;55;101.04;-46.04
412.0;;;28.03.2020;14.05.2021;32;101.04;-69.04
413.0;;;28.03.2020;15.05.2021;57;101.04;-44.04
414.0;;;28.03.2020;16.05.2021;65;101.04;-36.04
415.0;;;28.03.2020;17.05.2021;67;101.04;-34.04
416.0;;;28.03.2020;18.05.2021;51;101.04;-50.04
417.0;;;28.03.2020;19.05.2021;59;101.04;-42.04
418.0;;;28.03.2020;20.05.2021;54;101.04;-47.04
419.0;;;28.03.2020;21.05.2021;35;101.04;-66.04
420.0;;;28.03.2020;22.05.2021;38;101.04;-63.04
421.0;;;28.03.2020;23.05.2021;52;101.04;-49.04
422.0;;;28.03.2020;24.05.2021;33;101.04;-68.04
423.0;;;28.03.2020;25.05.2021;25;101.04;-76.04
424.0;;;28.03.2020;26.05.2021;51;101.04;-50.04
425.0;;;28.03.2020;27.05.2021;50;101.04;-51.04
426.0;;;28.03.2020;28.05.2021;52;101.04;-49.04
427.0;;;28.03.2020;29.05.2021;53;101.04;-48.04
428.0;;;28.03.2020;30.05.2021;35;101.04;-66.04
429.0;;;28.03.2020;31.05.2021;35;101.04;-66.04
430.0;;;28.03.2020;01.06.2021;20;101.04;-81.04
431.0;;;28.03.2020;02.06.2021;47;101.04;-54.04
432.0;;;28.03.2020;03.06.2021;43;101.04;-58.04
433.0;;;28.03.2020;04.06.2021;45;101.04;-56.04
434.0;;;28.03.2020;05.06.2021;41;101.04;-60.04
435.0;;;28.03.2020;06.06.2021;39;101.04;-62.04
436.0;;;28.03.2020;07.06.2021;39;101.04;-62.04
437.0;;;28.03.2020;08.06.2021;33;101.04;-68.04
438.0;;;28.03.2020;09.06.2021;43;101.04;-58.04
439.0;;;28.03.2020;10.06.2021;45;101.04;-56.04
440.0;;;28.03.2020;11.06.2021;48;101.04;-53.04
441.0;;;28.03.2020;12.06.2021;50;101.04;-51.04
442.0;;;28.03.2020;13.06.2021;44;101.04;-57.04
443.0;;;28.03.2020;14.06.2021;45;101.04;-56.04
444.0;;;28.03.2020;15.06.2021;45;101.04;-56.04
445.0;;;28.03.2020;16.06.2021;49;101.04;-52.04
446.0;;;28.03.2020;17.06.2021;53;101.04;-48.04
447.0;;;28.03.2020;18.06.2021;58;101.04;-43.04
448.0;;;28.03.2020;19.06.2021;63;101.04;-38.04
449.0;;;28.03.2020;20.06.2021;59;101.04;-42.04
450.0;;;28.03.2020;21.06.2021;64;101.04;-37.04
451.0;;;28.03.2020;22.06.2021;69;101.04;-32.04
452.0;;;28.03.2020;23.06.2021;75;101.04;-26.04
453.0;;;28.03.2020;24.06.2021;82;101.04;-19.04
454.0;;;28.03.2020;25.06.2021;90;101.04;-11.04
455.0;;;28.03.2020;26.06.2021;98;101.04;-3.04
456.0;;;28.03.2020;27.06.2021;107;101.04;5.96
457.0;;;28.03.2020;28.06.2021;113;101.04;11.96
458.0;;;28.03.2020;29.06.2021;108;101.04;6.96
459.0;;;28.03.2020;30.06.2021;115;101.04;13.96
460.0;;;28.03.2020;01.07.2021;121;101.04;19.96
461.0;;;28.03.2020;02.07.2021;127;101.04;25.96
462.0;;;28.03.2020;03.07.2021;133;101.04;31.96
463.0;;;28.03.2020;04.07.2021;135;101.04;33.96
464.0;;;28.03.2020;05.07.2021;139;101.04;37.96
465.0;;;28.03.2020;06.07.2021;140;101.04;38.96
466.0;;;28.03.2020;07.07.2021;142;101.04;40.96
467.0;;;28.03.2020;08.07.2021;144;101.04;42.96
468.0;;;28.03.2020;09.07.2021;147;101.04;45.96
469.0;;;28.03.2020;10.07.2021;146;101.04;44.96
470.0;;;28.03.2020;11.07.2021;140;101.04;38.96
471.0;;;28.03.2020;12.07.2021;141;101.04;39.96
472.0;;;28.03.2020;13.07.2021;130;101.04;28.96
473.0;;;28.03.2020;14.07.2021;130;101.04;28.96
474.0;;;28.03.2020;15.07.2021;129;101.04;27.96
475.0;;;28.03.2020;16.07.2021;133;101.04;31.96
476.0;;;28.03.2020;17.07.2021;131;101.04;29.96
477.0;;;28.03.2020;18.07.2021;128;101.04;26.96
478.0;;;28.03.2020;19.07.2021;127;101.04;25.96
479.0;;;28.03.2020;20.07.2021;125;101.04;23.96
480.0;;;28.03.2020;21.07.2021;125;101.04;23.96
481.0;;;28.03.2020;22.07.2021;127;101.04;25.96
482.0;;;28.03.2020;23.07.2021;128;101.04;26.96
483.0;;;28.03.2020;24.07.2021;125;101.04;23.96
484.0;;;28.03.2020;25.07.2021;122;101.04;20.96
485.0;;;28.03.2020;26.07.2021;123;101.04;21.96
486.0;;;28.03.2020;27.07.2021;120;101.04;18.96
487.0;;;28.03.2020;28.07.2021;116;101.04;14.96
488.0;;;28.03.2020;29.07.2021;118;101.04;16.96
489.0;;;28.03.2020;30.07.2021;115;101.04;13.96
490.0;;;28.03.2020;31.07.2021;119;101.04;17.96
491.0;;;28.03.2020;01.08.2021;116;101.04;14.96
492.0;;;28.03.2020;02.08.2021;116;101.04;14.96
493.0;;;28.03.2020;03.08.2021;115;101.04;13.96
494.0;;;28.03.2020;04.08.2021;115;101.04;13.96
495.0;;;28.03.2020;05.08.2021;113;101.04;11.96
496.0;;;28.03.2020;06.08.2021;110;101.04;8.96
497.0;;;28.03.2020;07.08.2021;108;101.04;6.96
498.0;;;28.03.2020;08.08.2021;112;101.04;10.96
499.0;;;28.03.2020;09.08.2021;109;101.04;7.96
500.0;;;28.03.2020;10.08.2021;106;101.04;4.96
501.0;;;28.03.2020;11.08.2021;103;101.04;1.96
502.0;;;28.03.2020;12.08.2021;107;101.04;5.96
503.0;;;28.03.2020;13.08.2021;109;101.04;7.96
504.0;;;28.03.2020;14.08.2021;107;101.04;5.96
505.0;;;28.03.2020;15.08.2021;104;101.04;2.96
506.0;;;28.03.2020;16.08.2021;102;101.04;0.96
507.0;;;28.03.2020;17.08.2021;108;101.04;6.96
508.0;;;28.03.2020;18.08.2021;105;101.04;3.96
509.0;;;28.03.2020;19.08.2021;104;101.04;2.96
510.0;;;28.03.2020;20.08.2021;102;101.04;0.96
511.0;;;28.03.2020;21.08.2021;105;101.04;3.96
512.0;;;28.03.2020;22.08.2021;100;101.04;-1.04
513.0;;;28.03.2020;23.08.2021;101;101.04;-0.04
514.0;;;28.03.2020;24.08.2021;97;101.04;-4.04
515.0;;;28.03.2020;25.08.2021;105;101.04;3.96
516.0;;;28.03.2020;26.08.2021;103;101.04;1.96
517.0;;;28.03.2020;27.08.2021;95;101.04;-6.04
518.0;;;28.03.2020;28.08.2021;97;101.04;-4.04
519.0;;;28.03.2020;29.08.2021;99;101.04;-2.04
520.0;;;28.03.2020;30.08.2021;91;101.04;-10.04
521.0;;;28.03.2020;31.08.2021;88;101.04;-13.04
522.0;;;28.03.2020;01.09.2021;89;101.04;-12.04
523.0;;;28.03.2020;02.09.2021;85;101.04;-16.04
524.0;;;28.03.2020;03.09.2021;92;101.04;-9.04
525.0;;;28.03.2020;04.09.2021;90;101.04;-11.04
526.0;;;28.03.2020;05.09.2021;87;101.04;-14.04
527.0;;;28.03.2020;06.09.2021;84;101.04;-17.04
528.0;;;28.03.2020;07.09.2021;91;101.04;-10.04
529.0;;;28.03.2020;08.09.2021;95;101.04;-6.04
530.0;;;28.03.2020;09.09.2021;90;101.04;-11.04
531.0;;;28.03.2020;10.09.2021;91;101.04;-10.04
532.0;;;28.03.2020;11.09.2021;91;101.04;-10.04
533.0;;;28.03.2020;12.09.2021;96;101.04;-5.04
534.0;;;28.03.2020;13.09.2021;98;101.04;-3.04
535.0;;;28.03.2020;14.09.2021;97;101.04;-4.04
536.0;;;28.03.2020;15.09.2021;92;101.04;-9.04
537.0;;;28.03.2020;16.09.2021;97;101.04;-4.04
538.0;;;28.03.2020;17.09.2021;102;101.04;0.96
539.0;;;28.03.2020;18.09.2021;107;101.04;5.96
540.0;;;28.03.2020;19.09.2021;117;101.04;15.96
541.0;;;28.03.2020;20.09.2021;123;101.04;21.96
542.0;;;28.03.2020;21.09.2021;127;101.04;25.96
543.0;;;28.03.2020;22.09.2021;130;101.04;28.96
544.0;;;28.03.2020;23.09.2021;132;101.04;30.96
545.0;;;28.03.2020;24.09.2021;139;101.04;37.96
546.0;;;28.03.2020;25.09.2021;149;101.04;47.96
547.0;;;28.03.2020;26.09.2021;148;101.04;46.96
548.0;;;28.03.2020;27.09.2021;154;101.04;52.96
549.0;;;28.03.2020;28.09.2021;155;101.04;53.96
550.0;;;28.03.2020;29.09.2021;159;101.04;57.96
551.0;;;28.03.2020;30.09.2021;164;101.04;62.96
552.0;;;28.03.2020;01.10.2021;168;101.04;66.96
553.0;;;28.03.2020;02.10.2021;173;101.04;71.96
554.0;;;28.03.2020;03.10.2021;182;101.04;80.96
555.0;;;28.03.2020;04.10.2021;191;101.04;89.96
556.0;;;28.03.2020;05.10.2021;197;101.04;95.96
557.0;;;28.03.2020;06.10.2021;199;101.04;97.96
558.0;;;28.03.2020;07.10.2021;203;101.04;101.96
559.0;;;28.03.2020;08.10.2021;209;101.04;107.96
560.0;;;28.03.2020;09.10.2021;218;101.04;116.96
561.0;;;28.03.2020;10.10.2021;225;101.04;123.96
562.0;;;28.03.2020;11.10.2021;229;101.04;127.96
563.0;;;28.03.2020;12.10.2021;232;101.04;130.96
564.0;;;28.03.2020;13.10.2021;235;101.04;133.96
565.0;;;28.03.2020;14.10.2021;237;101.04;135.96
566.0;;;28.03.2020;15.10.2021;243;101.04;141.96
567.0;;;28.03.2020;16.10.2021;247;101.04;145.96
568.0;;;28.03.2020;17.10.2021;252;101.04;150.96
569.0;;;28.03.2020;18.10.2021;254;101.04;152.96
570.0;;;28.03.2020;19.10.2021;254;101.04;152.96
571.0;;;28.03.2020;20.10.2021;259;101.04;157.96
572.0;;;28.03.2020;21.10.2021;261;101.04;159.96
573.0;;;28.03.2020;22.10.2021;269;101.04;167.96
574.0;;;28.03.2020;23.10.2021;274;101.04;172.96
575.0;;;28.03.2020;24.10.2021;281;101.04;179.96
576.0;;;28.03.2020;25.10.2021;282;101.04;180.96
577.0;;;28.03.2020;26.10.2021;282;101.04;180.96
578.0;;;28.03.2020;27.10.2021;279;101.04;177.96
579.0;;;28.03.2020;28.10.2021;281;101.04;179.96
580.0;;;28.03.2020;29.10.2021;284;101.04;182.96
581.0;;;28.03.2020;30.10.2021;289;101.04;187.96
582.0;;;28.03.2020;31.10.2021;290;101.04;188.96
583.0;;;28.03.2020;01.11.2021;288;101.04;186.96
584.0;;;28.03.2020;02.11.2021;285;101.04;183.96
585.0;;;28.03.2020;03.11.2021;286;101.04;184.96
586.0;;;28.03.2020;04.11.2021;284;101.04;182.96
587.0;;;28.03.2020;05.11.2021;287;101.04;185.96
588.0;;;28.03.2020;06.11.2021;290;101.04;188.96
589.0;;;28.03.2020;07.11.2021;292;101.04;190.96
590.0;;;28.03.2020;08.11.2021;291;101.04;189.96
591.0;;;28.03.2020;09.11.2021;289;101.04;187.96
592.0;;;28.03.2020;10.11.2021;294;101.04;192.96
593.0;;;28.03.2020;11.11.2021;295;101.04;193.96
594.0;;;28.03.2020;12.11.2021;295;101.04;193.96
595.0;;;28.03.2020;13.11.2021;293;101.04;191.96
596.0;;;28.03.2020;14.11.2021;295;101.04;193.96
597.0;;;28.03.2020;15.11.2021;292;101.04;190.96
598.0;;;28.03.2020;16.11.2021;287;101.04;185.96
599.0;;;28.03.2020;17.11.2021;285;101.04;183.96
600.0;;;28.03.2020;18.11.2021;287;101.04;185.96
601.0;;;28.03.2020;19.11.2021;284;101.04;182.96
602.0;;;28.03.2020;20.11.2021;282;101.04;180.96
603.0;;;28.03.2020;21.11.2021;276;101.04;174.96
604.0;;;28.03.2020;22.11.2021;272;101.04;170.96
605.0;;;28.03.2020;23.11.2021;267;101.04;165.96
606.0;;;28.03.2020;24.11.2021;260;101.04;158.96
607.0;;;28.03.2020;25.11.2021;256;101.04;154.96
608.0;;;28.03.2020;26.11.2021;245;101.04;143.96
609.0;;;28.03.2020;27.11.2021;236;101.04;134.96
610.0;;;28.03.2020;28.11.2021;224;101.04;122.96
611.0;;;28.03.2020;29.11.2021;214;101.04;112.96
612.0;;;28.03.2020;30.11.2021;202;101.04;100.96
613.0;;;28.03.2020;01.12.2021;198;101.04;96.96
614.0;;;28.03.2020;02.12.2021;193;101.04;91.96
615.0;;;28.03.2020;03.12.2021;189;101.04;87.96
616.0;;;28.03.2020;04.12.2021;190;101.04;88.96
617.0;;;28.03.2020;05.12.2021;187;101.04;85.96
618.0;;;28.03.2020;06.12.2021;185;101.04;83.96
619.0;;;28.03.2020;07.12.2021;185;101.04;83.96
620.0;;;28.03.2020;08.12.2021;180;101.04;78.96
621.0;;;28.03.2020;09.12.2021;179;101.04;77.96
622.0;;;28.03.2020;10.12.2021;177;101.04;75.96
623.0;;;28.03.2020;11.12.2021;177;101.04;75.96
624.0;;;28.03.2020;12.12.2021;176;101.04;74.96
625.0;;;28.03.2020;13.12.2021;174;101.04;72.96
626.0;;;28.03.2020;14.12.2021;172;101.04;70.96
627.0;;;28.03.2020;15.12.2021;172;101.04;70.96
628.0;;;28.03.2020;16.12.2021;173;101.04;71.96
629.0;;;28.03.2020;17.12.2021;171;101.04;69.96
630.0;;;28.03.2020;18.12.2021;170;101.04;68.96
631.0;;;28.03.2020;19.12.2021;168;101.04;66.96
632.0;;;28.03.2020;20.12.2021;167;101.04;65.96
633.0;;;28.03.2020;21.12.2021;167;101.04;65.96
634.0;;;28.03.2020;22.12.2021;162;101.04;60.96
635.0;;;28.03.2020;23.12.2021;162;101.04;60.96
636.0;;;28.03.2020;24.12.2021;157;101.04;55.96
637.0;;;28.03.2020;25.12.2021;157;101.04;55.96
638.0;;;28.03.2020;26.12.2021;155;101.04;53.96
639.0;;;28.03.2020;27.12.2021;152;101.04;50.96
640.0;;;28.03.2020;28.12.2021;152;101.04;50.96
641.0;;;28.03.2020;29.12.2021;152;101.04;50.96
642.0;;;28.03.2020;30.12.2021;145;101.04;43.96
643.0;;;28.03.2020;31.12.2021;140;101.04;38.96
644.0;;;28.03.2020;01.01.2022;120;101.04;18.96
645.0;;;28.03.2020;02.01.2022;119;101.04;17.96
646.0;;;28.03.2020;03.01.2022;105;101.04;3.96
647.0;;;28.03.2020;04.01.2022;99;101.04;-2.04
648.0;;;28.03.2020;05.01.2022;77;101.04;-24.04
649.0;;;28.03.2020;06.01.2022;78;101.04;-23.04
650.0;;;28.03.2020;07.01.2022;78;101.04;-23.04
651.0;;;28.03.2020;08.01.2022;75;101.04;-26.04
652.0;;;28.03.2020;09.01.2022;76;101.04;-25.04
653.0;;;28.03.2020;10.01.2022;80;101.04;-21.04
654.0;;;28.03.2020;11.01.2022;75;101.04;-26.04
655.0;;;28.03.2020;12.01.2022;79;101.04;-22.04
656.0;;;28.03.2020;13.01.2022;86;101.04;-15.04
657.0;;;28.03.2020;14.01.2022;96;101.04;-5.04
658.0;;;28.03.2020;15.01.2022;111;101.04;9.96
659.0;;;28.03.2020;16.01.2022;125;101.04;23.96
660.0;;;28.03.2020;17.01.2022;135;101.04;33.96
661.0;;;28.03.2020;18.01.2022;140;101.04;38.96
662.0;;;28.03.2020;19.01.2022;139;101.04;37.96
663.0;;;28.03.2020;20.01.2022;144;101.04;42.96
664.0;;;28.03.2020;21.01.2022;146;101.04;44.96
665.0;;;28.03.2020;22.01.2022;152;101.04;50.96
666.0;;;28.03.2020;23.01.2022;159;101.04;57.96
667.0;;;28.03.2020;24.01.2022;170;101.04;68.96
668.0;;;28.03.2020;25.01.2022;181;101.04;79.96
669.0;;;28.03.2020;26.01.2022;193;101.04;91.96
670.0;;;28.03.2020;27.01.2022;201;101.04;99.96
671.0;;;28.03.2020;28.01.2022;212;101.04;110.96
672.0;;;28.03.2020;29.01.2022;225;101.04;123.96
673.0;;;28.03.2020;30.01.2022;237;101.04;135.96
674.0;;;28.03.2020;31.01.2022;249;101.04;147.96
675.0;;;28.03.2020;01.02.2022;257;101.04;155.96
676.0;;;28.03.2020;02.02.2022;283;101.13;181.87
677.0;;;28.03.2020;03.02.2022;295;104.48;190.52
678.0;;;28.03.2020;04.02.2022;320;167.12;152.88
679.0;;;28.03.2020;05.02.2022;369;478.63;-109.63
680.0;;;28.03.2020;06.02.2022;419;593.59;-174.59
681.0;;;28.03.2020;07.02.2022;454;596.57;-142.57
682.0;;;28.03.2020;08.02.2022;507;596.58;-89.58
683.0;;;28.03.2020;09.02.2022;537;596.58;-59.58
684.0;;;28.03.2020;10.02.2022;587;596.58;-9.58
685.0;;;28.03.2020;11.02.2022;649;596.58;52.42
686.0;;;28.03.2020;12.02.2022;703;596.58;106.42
687.0;;;28.03.2020;13.02.2022;760;596.58;163.42
688.0;;;28.03.2020;14.02.2022;811;596.58;214.42
689.0;;;28.03.2020;15.02.2022;862;596.58;265.42
690.0;;;28.03.2020;16.02.2022;880;596.58;283.42
691.0;;;28.03.2020;17.02.2022;925;596.58;328.42
692.0;;;28.03.2020;18.02.2022;952;596.58;355.42
693.0;;;28.03.2020;19.02.2022;997;596.58;400.42
694.0;;;28.03.2020;20.02.2022;1042;596.58;445.42
695.0;;;28.03.2020;21.02.2022;998;596.58;401.42
696.0;;;28.03.2020;22.02.2022;971;596.58;374.42
697.0;;;28.03.2020;23.02.2022;969;596.58;372.42
698.0;;;28.03.2020;24.02.2022;937;596.58;340.42
699.0;;;28.03.2020;25.02.2022;932;596.58;335.42
700.0;;;28.03.2020;26.02.2022;925;596.58;328.42
701.0;;;28.03.2020;27.02.2022;917;596.58;320.42
702.0;;;28.03.2020;28.02.2022;920;596.58;323.42
703.0;;;28.03.2020;01.03.2022;925;596.58;328.42
704.0;;;28.03.2020;02.03.2022;917;596.58;320.42
705.0;;;28.03.2020;03.03.2022;887;596.58;290.42
706.0;;;28.03.2020;04.03.2022;849;596.58;252.42
707.0;;;28.03.2020;05.03.2022;790;596.58;193.42
708.0;;;28.03.2020;06.03.2022;751;596.58;154.42
709.0;;;28.03.2020;07.03.2022;706;596.58;109.42
710.0;;;28.03.2020;08.03.2022;634;596.58;37.42
711.0;;;28.03.2020;09.03.2022;451;595.90;-144.90
712.0;;;28.03.2020;10.03.2022;233;132.53;100.47
713.0;;;28.03.2020;11.03.2022;424;182.70;241.30
714.0;;;28.03.2020;12.03.2022;359;157.06;201.94
715.0;;;28.03.2020;13.03.2022;291;100.09;190.91
716.0;;;28.03.2020;14.03.2022;170;100.54;69.46
717.0;;;28.03.2020;15.03.2022;102;101.03;0.97
718.0;;;28.03.2020;16.03.2022;250;101.04;148.96
719.0;;;28.03.2020;17.03.2022;248;101.04;146.96
720.0;;;28.03.2020;18.03.2022;246;101.04;144.96
721.0;;;28.03.2020;19.03.2022;244;101.04;142.96
722.0;;;28.03.2020;20.03.2022;237;101.04;135.96
723.0;;;28.03.2020;21.03.2022;203;101.04;101.96
724.0;;;28.03.2020;22.03.2022;157;101.04;55.96
725.0;;;28.03.2020;23.03.2022;226;101.04;124.96
726.0;;;28.03.2020;24.03.2022;224;101.04;122.96
727.0;;;28.03.2020;25.03.2022;199;101.04;97.96
728.0;;;28.03.2020;26.03.2022;195;101.04;93.96
729.0;;;28.03.2020;27.03.2022;150;101.04;48.96
730.0;;;28.03.2020;28.03.2022;105;101.04;3.96
731.0;;;28.03.2020;29.03.2022;28;101.04;-73.04
732.0;;;28.03.2020;30.03.2022;150;101.04;48.96
733.0;;;28.03.2020;31.03.2022;145;101.04;43.96
734.0;;;28.03.2020;01.04.2022;111;101.04;9.96
735.0;;;28.03.2020;02.04.2022;106;101.04;4.96
736.0;;;28.03.2020;03.04.2022;92;101.04;-9.04
737.0;;;28.03.2020;04.04.2022;83;101.04;-18.04
738.0;;;28.03.2020;05.04.2022;79;101.04;-22.04
739.0;;;28.03.2020;06.04.2022;98;101.04;-3.04
740.0;;;28.03.2020;07.04.2022;101;101.04;-0.04
741.0;;;28.03.2020;08.04.2022;95;101.04;-6.04
742.0;;;28.03.2020;09.04.2022;91;101.04;-10.04
743.0;;;28.03.2020;10.04.2022;90;101.04;-11.04
744.0;;;28.03.2020;11.04.2022;86;101.04;-15.04
745.0;;;28.03.2020;12.04.2022;88;101.04;-13.04
746.0;;;28.03.2020;13.04.2022;89;101.04;-12.04
747.0;;;28.03.2020;14.04.2022;92;101.04;-9.04
748.0;;;28.03.2020;15.04.2022;85;101.04;-16.04
749.0;;;28.03.2020;16.04.2022;81;101.04;-20.04
750.0;;;28.03.2020;17.04.2022;90;101.04;-11.04
751.0;;;28.03.2020;18.04.2022;91;101.04;-10.04
752.0;;;28.03.2020;19.04.2022;86;101.04;-15.04
753.0;;;28.03.2020;20.04.2022;85;101.04;-16.04
754.0;;;28.03.2020;21.04.2022;71;101.04;-30.04
755.0;;;28.03.2020;22.04.2022;62;101.04;-39.04
756.0;;;28.03.2020;23.04.2022;56;101.04;-45.04
757.0;;;28.03.2020;24.04.2022;55;101.04;-46.04
758.0;;;28.03.2020;25.04.2022;53;101.04;-48.04
759.0;;;28.03.2020;26.04.2022;52;101.04;-49.04
760.0;;;28.03.2020;27.04.2022;62;101.04;-39.04
761.0;;;28.03.2020;28.04.2022;59;101.04;-42.04
762.0;;;28.03.2020;29.04.2022;58;101.04;-43.04
763.0;;;28.03.2020;30.04.2022;60;101.04;-41.04
764.0;;;28.03.2020;01.05.2022;55;101.04;-46.04
765.0;;;28.03.2020;02.05.2022;46;101.04;-55.04
766.0;;;28.03.2020;03.05.2022;39;101.04;-62.04
767.0;;;28.03.2020;04.05.2022;33;101.04;-68.04
768.0;;;28.03.2020;05.05.2022;29;101.04;-72.04
769.0;;;28.03.2020;06.05.2022;38;101.04;-63.04
770.0;;;28.03.2020;07.05.2022;40;101.04;-61.04
771.0;;;28.03.2020;08.05.2022;37;101.04;-64.04
772.0;;;28.03.2020;09.05.2022;34;101.04;-67.04
773.0;;;28.03.2020;10.05.2022;35;101.04;-66.04
774.0;;;28.03.2020;11.05.2022;34;101.04;-67.04
775.0;;;28.03.2020;12.05.2022;36;101.04;-65.04
776.0;;;28.03.2020;13.05.2022;38;101.04;-63.04
777.0;;;28.03.2020;14.05.2022;38;101.04;-63.04
778.0;;;28.03.2020;15.05.2022;41;101.04;-60.04
779.0;;;28.03.2020;16.05.2022;43;101.04;-58.04
780.0;;;28.03.2020;17.05.2022;42;101.04;-59.04
781.0;;;28.03.2020;18.05.2022;45;101.04;-56.04
782.0;;;28.03.2020;19.05.2022;45;101.04;-56.04
783.0;;;28.03.2020;20.05.2022;36;101.04;-65.04
784.0;;;28.03.2020;21.05.2022;24;101.04;-77.04
785.0;;;28.03.2020;22.05.2022;38;101.04;-63.04
786.0;;;28.03.2020;23.05.2022;35;101.04;-66.04
787.0;;;28.03.2020;24.05.2022;30;101.04;-71.04
788.0;;;28.03.2020;25.05.2022;35;101.04;-66.04
789.0;;;28.03.2020;26.05.2022;29;101.04;-72.04
790.0;;;28.03.2020;27.05.2022;32;101.04;-69.04
791.0;;;28.03.2020;28.05.2022;36;101.04;-65.04
792.0;;;28.03.2020;29.05.2022;39;101.04;-62.04
793.0;;;28.03.2020;30.05.2022;35;101.04;-66.04
794.0;;;28.03.2020;31.05.2022;28;101.04;-73.04
795.0;;;28.03.2020;01.06.2022;35;101.04;-66.04
796.0;;;28.03.2020;02.06.2022;25;101.04;-76.04
797.0;;;28.03.2020;03.06.2022;29;101.04;-72.04
798.0;;;28.03.2020;04.06.2022;27;101.04;-74.04
799.0;;;28.03.2020;05.06.2022;26;101.04;-75.04
800.0;;;28.03.2020;06.06.2022;10;101.04;-91.04
801.0;;;28.03.2020;07.06.2022;7;101.04;-94.04
802.0;;;28.03.2020;08.06.2022;24;101.04;-77.04
803.0;;;28.03.2020;09.06.2022;27;101.04;-74.04
804.0;;;28.03.2020;10.06.2022;23;101.04;-78.04
805.0;;;28.03.2020;11.06.2022;20;101.04;-81.04
806.0;;;28.03.2020;12.06.2022;19;101.04;-82.04
807.0;;;28.03.2020;13.06.2022;17;101.04;-84.04
808.0;;;28.03.2020;14.06.2022;15;101.04;-86.04
809.0;;;28.03.2020;15.06.2022;14;101.04;-87.04
810.0;;;28.03.2020;16.06.2022;24;101.04;-77.04
811.0;;;28.03.2020;17.06.2022;22;101.04;-79.04
812.0;;;28.03.2020;18.06.2022;19;101.04;-82.04
813.0;;;28.03.2020;19.06.2022;17;101.04;-84.04
814.0;;;28.03.2020;20.06.2022;14;101.04;-87.04
815.0;;;28.03.2020;21.06.2022;13;101.04;-88.04
816.0;;;28.03.2020;22.06.2022;17;101.04;-84.04
817.0;;;28.03.2020;23.06.2022;20;101.04;-81.04
818.0;;;28.03.2020;24.06.2022;19;101.04;-82.04
819.0;;;28.03.2020;25.06.2022;20;101.04;-81.04
820.0;;;28.03.2020;26.06.2022;20;101.04;-81.04
821.0;;;28.03.2020;27.06.2022;19;101.04;-82.04
822.0;;;28.03.2020;28.06.2022;17;101.04;-84.04
823.0;;;28.03.2020;29.06.2022;19;101.04;-82.04
824.0;;;28.03.2020;30.06.2022;18;101.04;-83.04
825.0;;;28.03.2020;01.07.2022;19;101.04;-82.04
826.0;;;28.03.2020;02.07.2022;19;101.04;-82.04
827.0;;;28.03.2020;03.07.2022;21;101.04;-80.04
828.0;;;28.03.2020;04.07.2022;20;101.04;-81.04
829.0;;;28.03.2020;05.07.2022;19;101.04;-82.04
830.0;;;28.03.2020;06.07.2022;17;101.04;-84.04
831.0;;;28.03.2020;07.07.2022;20;101.04;-81.04
832.0;;;28.03.2020;08.07.2022;22;101.04;-79.04
834.0;;;28.03.2020;10.07.2022;40;101.04;-61.04
835.0;;;28.03.2020;11.07.2022;16;101.04;-85.04
836.0;;;28.03.2020;12.07.2022;15;101.04;-86.04
837.0;;;28.03.2020;13.07.2022;19;101.04;-82.04
838.0;;;28.03.2020;14.07.2022;20;101.04;-81.04
839.0;;;28.03.2020;15.07.2022;20;101.04;-81.04
840.0;;;28.03.2020;16.07.2022;22;101.04;-79.04
841.0;;;28.03.2020;17.07.2022;21;101.04;-80.04
842.0;;;28.03.2020;18.07.2022;17;101.04;-84.04
843.0;;;28.03.2020;19.07.2022;15;101.04;-86.04
844.0;;;28.03.2020;20.07.2022;18;101.04;-83.04
845.0;;;28.03.2020;21.07.2022;21;101.04;-80.04
846.0;;;28.03.2020;22.07.2022;22;101.04;-79.04
847.0;;;28.03.2020;23.07.2022;26;101.04;-75.04
848.0;;;28.03.2020;24.07.2022;30;101.04;-71.04
849.0;;;28.03.2020;25.07.2022;30;101.04;-71.04
850.0;;;28.03.2020;26.07.2022;29;101.04;-72.04
851.0;;;28.03.2020;27.07.2022;35;101.04;-66.04
852.0;;;28.03.2020;28.07.2022;39;101.04;-62.04
853.0;;;28.03.2020;29.07.2022;40;101.04;-61.04
854.0;;;28.03.2020;30.07.2022;48;101.04;-53.04
855.0;;;28.03.2020;31.07.2022;47;101.04;-54.04
856.0;;;28.03.2020;01.08.2022;37;101.04;-64.04
857.0;;;28.03.2020;02.08.2022;30;101.04;-71.04
858.0;;;28.03.2020;03.08.2022;38;101.04;-63.04
859.0;;;28.03.2020;04.08.2022;47;101.04;-54.04
860.0;;;28.03.2020;05.08.2022;55;101.04;-46.04
861.0;;;28.03.2020;06.08.2022;57;101.04;-44.04
862.0;;;28.03.2020;07.08.2022;66;101.04;-35.04
863.0;;;28.03.2020;08.08.2022;72;101.04;-29.04
864.0;;;28.03.2020;09.08.2022;70;101.04;-31.04
865.0;;;28.03.2020;10.08.2022;71;101.04;-30.04
866.0;;;28.03.2020;11.08.2022;77;101.04;-24.04
867.0;;;28.03.2020;12.08.2022;78;101.04;-23.04
868.0;;;28.03.2020;13.08.2022;93;101.04;-8.04
869.0;;;28.03.2020;14.08.2022;88;101.04;-13.04
870.0;;;28.03.2020;15.08.2022;95;101.04;-6.04
871.0;;;28.03.2020;16.08.2022;104;101.04;2.96
872.0;;;28.03.2020;17.08.2022;110;101.04;8.96
873.0;;;28.03.2020;18.08.2022;127;101.04;25.96
874.0;;;28.03.2020;19.08.2022;146;101.04;44.96
875.0;;;28.03.2020;20.08.2022;168;101.04;66.96
876.0;;;28.03.2020;21.08.2022;170;101.04;68.96
877.0;;;28.03.2020;22.08.2022;175;101.04;73.96
878.0;;;28.03.2020;23.08.2022;184;101.04;82.96
879.0;;;28.03.2020;24.08.2022;189;101.04;87.96
880.0;;;28.03.2020;25.08.2022;193;101.04;91.96
881.0;;;28.03.2020;26.08.2022;199;101.04;97.96
882.0;;;28.03.2020;27.08.2022;198;101.04;96.96
883.0;;;28.03.2020;28.08.2022;195;101.04;93.96
884.0;;;28.03.2020;29.08.2022;180;101.04;78.96
885.0;;;28.03.2020;30.08.2022;63;101.04;-38.04
886.0;;;28.03.2020;31.08.2022;184;101.04;82.96
887.0;;;28.03.2020;01.09.2022;197;101.04;95.96
888.0;;;28.03.2020;02.09.2022;211;101.04;109.96
889.0;;;28.03.2020;03.09.2022;232;101.04;130.96
890.0;;;28.03.2020;04.09.2022;249;101.04;147.96
891.0;;;28.03.2020;05.09.2022;241;101.04;139.96
892.0;;;28.03.2020;06.09.2022;252;101.04;150.96
893.0;;;28.03.2020;07.09.2022;259;101.04;157.96
894.0;;;28.03.2020;08.09.2022;250;101.04;148.96
895.0;;;28.03.2020;09.09.2022;225;101.04;123.96
896.0;;;28.03.2020;10.09.2022;227;101.04;125.96
897.0;;;28.03.2020;11.09.2022;234;101.04;132.96
898.0;;;28.03.2020;12.09.2022;243;101.04;141.96
899.0;;;28.03.2020;13.09.2022;256;101.04;154.96
900.0;;;28.03.2020;14.09.2022;258;101.04;156.96
901.0;;;28.03.2020;15.09.2022;264;101.04;162.96
902.0;;;28.03.2020;16.09.2022;267;101.04;165.96
903.0;;;28.03.2020;17.09.2022;273;101.04;171.96
904.0;;;28.03.2020;18.09.2022;291;101.04;189.96
905.0;;;28.03.2020;19.09.2022;298;101.04;196.96
906.0;;;28.03.2020;20.09.2022;305;101.04;203.96
907.0;;;28.03.2020;21.09.2022;309;101.04;207.96
908.0;;;28.03.2020;22.09.2022;330;101.05;228.95
909.0;;;28.03.2020;23.09.2022;336;101.06;234.94
910.0;;;28.03.2020;24.09.2022;339;101.07;237.93
911.0;;;28.03.2020;25.09.2022;325;101.06;223.94
912.0;;;28.03.2020;26.09.2022;206;101.04;104.96
913.0;;;28.03.2020;27.09.2022;158;101.04;56.96
914.0;;;28.03.2020;28.09.2022;249;101.04;147.96
915.0;;;28.03.2020;29.09.2022;174;101.04;72.96
916.0;;;28.03.2020;30.09.2022;170;101.04;68.96
917.0;;;28.03.2020;01.10.2022;168;101.04;66.96
918.0;;;28.03.2020;02.10.2022;148;101.04;46.96
919.0;;;28.03.2020;03.10.2022;61;101.04;-40.04
920.0;;;28.03.2020;04.10.2022;42;101.04;-59.04
921.0;;;28.03.2020;05.10.2022;85;101.04;-16.04
922.0;;;28.03.2020;06.10.2022;94;101.04;-7.04
923.0;;;28.03.2020;07.10.2022;107;101.04;5.96
924.0;;;28.03.2020;08.10.2022;101;101.04;-0.04
925.0;;;28.03.2020;09.10.2022;97;101.04;-4.04
926.0;;;28.03.2020;10.10.2022;91;101.04;-10.04
927.0;;;28.03.2020;11.10.2022;81;101.04;-20.04
928.0;;;28.03.2020;12.10.2022;88;101.04;-13.04
929.0;;;28.03.2020;13.10.2022;82;101.04;-19.04
930.0;;;28.03.2020;14.10.2022;74;101.04;-27.04
931.0;;;28.03.2020;15.10.2022;65;101.04;-36.04
932.0;;;28.03.2020;16.10.2022;48;101.04;-53.04
933.0;;;28.03.2020;17.10.2022;25;101.04;-76.04
934.0;;;28.03.2020;18.10.2022;10;101.04;-91.04
935.0;;;28.03.2020;19.10.2022;41;101.04;-60.04
936.0;;;28.03.2020;20.10.2022;43;101.04;-58.04
937.0;;;28.03.2020;21.10.2022;38;101.04;-63.04
938.0;;;28.03.2020;22.10.2022;42;101.04;-59.04
939.0;;;28.03.2020;23.10.2022;39;101.04;-62.04
940.0;;;28.03.2020;24.10.2022;37;101.04;-64.04
941.0;;;28.03.2020;25.10.2022;35;101.04;-66.04
942.0;;;28.03.2020;26.10.2022;39;101.04;-62.04
943.0;;;28.03.2020;27.10.2022;37;101.04;-64.04
944.0;;;28.03.2020;28.10.2022;28;101.04;-73.04
945.0;;;28.03.2020;29.10.2022;29;101.04;-72.04
946.0;;;28.03.2020;30.10.2022;25;101.04;-76.04
947.0;;;28.03.2020;31.10.2022;20;101.04;-81.04
948.0;;;28.03.2020;01.11.2022;16;101.04;-85.04
949.0;;;28.03.2020;02.11.2022;18;101.04;-83.04
950.0;;;28.03.2020;03.11.2022;23;101.04;-78.04
951.0;;;28.03.2020;04.11.2022;27;101.04;-74.04
952.0;;;28.03.2020;05.11.2022;21;101.04;-80.04
953.0;;;28.03.2020;06.11.2022;15;101.04;-86.04
954.0;;;28.03.2020;07.11.2022;10;101.04;-91.04
955.0;;;28.03.2020;08.11.2022;6;101.04;-95.04
956.0;;;28.03.2020;09.11.2022;17;101.04;-84.04
957.0;;;28.03.2020;10.11.2022;22;101.04;-79.04
958.0;;;28.03.2020;11.11.2022;21;101.04;-80.04
959.0;;;28.03.2020;12.11.2022;17;101.04;-84.04
960.0;;;28.03.2020;13.11.2022;16;101.04;-85.04
961.0;;;28.03.2020;14.11.2022;15;101.04;-86.04
962.0;;;28.03.2020;15.11.2022;12;101.04;-89.04
963.0;;;28.03.2020;16.11.2022;19;101.04;-82.04
964.0;;;28.03.2020;17.11.2022;20;101.04;-81.04
965.0;;;28.03.2020;18.11.2022;18;101.04;-83.04
966.0;;;28.03.2020;19.11.2022;14;101.04;-87.04
967.0;;;28.03.2020;20.11.2022;9;101.04;-92.04
968.0;;;28.03.2020;21.11.2022;9;101.04;-92.04
969.0;;;28.03.2020;22.11.2022;12;101.04;-89.04
970.0;;;28.03.2020;23.11.2022;15;101.04;-86.04
971.0;;;28.03.2020;24.11.2022;14;101.04;-87.04
972.0;;;28.03.2020;25.11.2022;12;101.04;-89.04
973.0;;;28.03.2020;26.11.2022;14;101.04;-87.04
974.0;;;28.03.2020;27.11.2022;11;101.04;-90.04
975.0;;;28.03.2020;28.11.2022;7;101.04;-94.04
976.0;;;28.03.2020;29.11.2022;4;101.04;-97.04
977.0;;;28.03.2020;30.11.2022;14;101.04;-87.04
978.0;;;28.03.2020;01.12.2022;17;101.04;-84.04
979.0;;;28.03.2020;02.12.2022;16;101.04;-85.04
980.0;;;28.03.2020;03.12.2022;14;101.04;-87.04
981.0;;;28.03.2020;04.12.2022;12;101.04;-89.04
982.0;;;28.03.2020;05.12.2022;13;101.04;-88.04
983.0;;;28.03.2020;06.12.2022;16;101.04;-85.04
984.0;;;28.03.2020;07.12.2022;19;101.04;-82.04
985.0;;;28.03.2020;08.12.2022;23;101.04;-78.04
986.0;;;28.03.2020;09.12.2022;22;101.04;-79.04
987.0;;;28.03.2020;10.12.2022;17;101.04;-84.04
988.0;;;28.03.2020;11.12.2022;14;101.04;-87.04
989.0;;;28.03.2020;12.12.2022;13;101.04;-88.04
990.0;;;28.03.2020;13.12.2022;13;101.04;-88.04
991.0;;;28.03.2020;14.12.2022;18;101.04;-83.04
992.0;;;28.03.2020;15.12.2022;13;101.04;-88.04
993.0;;;28.03.2020;16.12.2022;14;101.04;-87.04
994.0;;;28.03.2020;17.12.2022;15;101.04;-86.04
995.0;;;28.03.2020;18.12.2022;14;101.04;-87.04
996.0;;;28.03.2020;19.12.2022;8;101.04;-93.04
997.0;;;28.03.2020;20.12.2022;2;101.04;-99.04
998.0;;;28.03.2020;21.12.2022;12;101.04;-89.04
999.0;;;28.03.2020;22.12.2022;14;101.04;-87.04
1000.0;;;28.03.2020;23.12.2022;14;101.04;-87.04
1001.0;;;28.03.2020;24.12.2022;9;101.04;-92.04
1002.0;;;28.03.2020;25.12.2022;5;101.04;-96.04
1003.0;;;28.03.2020;26.12.2022;3;101.04;-98.04
1004.0;;;28.03.2020;27.12.2022;1;101.04;-100.04
1005.0;;;28.03.2020;28.12.2022;10;101.04;-91.04
1006.0;;;28.03.2020;29.12.2022;6;101.04;-95.04
1007.0;;;28.03.2020;30.12.2022;8;101.04;-93.04
1008.0;;;28.03.2020;31.12.2022;6;101.04;-95.04
1009.0;;;28.03.2020;01.01.2023;3;101.04;-98.04
1010.0;;;28.03.2020;02.01.2023;2;101.04;-99.04
1011.0;;;28.03.2020;03.01.2023;2;101.04;-99.04
1012.0;;;28.03.2020;04.01.2023;3;101.04;-98.04
1013.0;;;28.03.2020;05.01.2023;1;101.04;-100.04
1014.0;;;28.03.2020;06.01.2023;2;101.04;-99.04
1015.0;;;28.03.2020;07.01.2023;1;101.04;-100.04
1016.0;;;28.03.2020;08.01.2023;1;101.04;-100.04
1017.0;;;28.03.2020;09.01.2023;1;101.04;-100.04
1018.0;;;28.03.2020;10.01.2023;0;101.04;-101.04
1019.0;;;28.03.2020;11.01.2023;4;101.04;-97.04
1020.0;;;28.03.2020;12.01.2023;7;101.04;-94.04
1021.0;;;28.03.2020;13.01.2023;9;101.04;-92.04
1022.0;;;28.03.2020;14.01.2023;10;101.04;-91.04
1023.0;;;28.03.2020;15.01.2023;10;101.04;-91.04
1024.0;;;28.03.2020;16.01.2023;7;101.04;-94.04
1025.0;;;28.03.2020;17.01.2023;5;101.04;-96.04
1026.0;;;28.03.2020;18.01.2023;8;101.04;-93.04
1027.0;;;28.03.2020;19.01.2023;9;101.04;-92.04
1028.0;;;28.03.2020;20.01.2023;11;101.04;-90.04
1029.0;;;28.03.2020;21.01.2023;15;101.04;-86.04
1030.0;;;28.03.2020;22.01.2023;14;101.04;-87.04
1031.0;;;28.03.2020;23.01.2023;10;101.04;-91.04
1032.0;;;28.03.2020;24.01.2023;8;101.04;-93.04
1033.0;;;28.03.2020;25.01.2023;11;101.04;-90.04
1034.0;;;28.03.2020;26.01.2023;13;101.04;-88.04
1035.0;;;28.03.2020;27.01.2023;15;101.04;-86.04
1036.0;;;28.03.2020;28.01.2023;17;101.04;-84.04
1037.0;;;28.03.2020;29.01.2023;12;101.04;-89.04
1038.0;;;28.03.2020;30.01.2023;9;101.04;-92.04
1039.0;;;28.03.2020;31.01.2023;6;101.04;-95.04
1040.0;;;28.03.2020;01.02.2023;16;101.04;-85.04
1041.0;;;28.03.2020;02.02.2023;20;101.04;-81.04
1042.0;;;28.03.2020;03.02.2023;25;101.04;-76.04
1043.0;;;28.03.2020;04.02.2023;23;101.04;-78.04
1044.0;;;28.03.2020;05.02.2023;27;101.04;-74.04
1045.0;;;28.03.2020;06.02.2023;22;101.04;-79.04
1046.0;;;28.03.2020;07.02.2023;15;101.04;-86.04
1047.0;;;28.03.2020;08.02.2023;22;101.04;-79.04
1048.0;;;28.03.2020;09.02.2023;25;101.04;-76.04
1049.0;;;28.03.2020;10.02.2023;26;101.04;-75.04
1050.0;;;28.03.2020;11.02.2023;35;101.04;-66.04
1051.0;;;28.03.2020;12.02.2023;36;101.04;-65.04
1052.0;;;28.03.2020;13.02.2023;29;101.04;-72.04
1053.0;;;28.03.2020;14.02.2023;29;101.04;-72.04
1054.0;;;28.03.2020;15.02.2023;37;101.04;-64.04
1055.0;;;28.03.2020;16.02.2023;39;101.04;-62.04
1056.0;;;28.03.2020;17.02.2023;40;101.04;-61.04
1057.0;;;28.03.2020;18.02.2023;45;101.04;-56.04
1058.0;;;28.03.2020;19.02.2023;41;101.04;-60.04
1059.0;;;28.03.2020;20.02.2023;47;101.04;-54.04
1060.0;;;28.03.2020;21.02.2023;47;101.04;-54.04
1061.0;;;28.03.2020;22.02.2023;49;101.04;-52.04
1062.0;;;28.03.2020;23.02.2023;50;101.04;-51.04
1063.0;;;28.03.2020;24.02.2023;39;101.04;-62.04
1064.0;;;28.03.2020;25.02.2023;17;101.04;-84.04
1065.0;;;28.03.2020;26.02.2023;19;101.04;-82.04
1066.0;;;28.03.2020;27.02.2023;18;101.04;-83.04
1067.0;;;28.03.2020;28.02.2023;17;101.04;-84.04
1068.0;;;28.03.2020;01.03.2023;48;101.04;-53.04
1069.0;;;28.03.2020;02.03.2023;58;101.04;-43.04
1070.0;;;28.03.2020;03.03.2023;53;101.04;-48.04
1071.0;;;28.03.2020;04.03.2023;59;101.04;-42.04
1072.0;;;28.03.2020;05.03.2023;58;101.04;-43.04
1073.0;;;28.03.2020;06.03.2023;47;101.04;-54.04
1074.0;;;28.03.2020;07.03.2023;28;101.04;-73.04
1075.0;;;28.03.2020;08.03.2023;32;101.04;-69.04
1076.0;;;28.03.2020;09.03.2023;37;101.04;-64.04
1077.0;;;28.03.2020;10.03.2023;36;101.04;-65.04
1078.0;;;28.03.2020;11.03.2023;45;101.04;-56.04
1079.0;;;28.03.2020;12.03.2023;49;101.04;-52.04
1080.0;;;28.03.2020;13.03.2023;37;101.04;-64.04
1081.0;;;28.03.2020;14.03.2023;24;101.04;-77.04
1082.0;;;28.03.2020;15.03.2023;49;101.04;-52.04
1083.0;;;28.03.2020;16.03.2023;54;101.04;-47.04
1084.0;;;28.03.2020;17.03.2023;63;101.04;-38.04
1085.0;;;28.03.2020;18.03.2023;71;101.04;-30.04
1086.0;;;28.03.2020;19.03.2023;65;101.04;-36.04
1087.0;;;28.03.2020;20.03.2023;49;101.04;-52.04
1088.0;;;28.03.2020;21.03.2023;30;101.04;-71.04
1089.0;;;28.03.2020;22.03.2023;47;101.04;-54.04
1090.0;;;28.03.2020;23.03.2023;60;101.04;-41.04
1091.0;;;28.03.2020;24.03.2023;63;101.04;-38.04
1092.0;;;28.03.2020;25.03.2023;65;101.04;-36.04
1093.0;;;28.03.2020;26.03.2023;62;101.04;-39.04
1094.0;;;28.03.2020;27.03.2023;46;101.04;-55.04
1095.0;;;28.03.2020;28.03.2023;30;101.04;-71.04
1096.0;;;28.03.2020;29.03.2023;45;101.04;-56.04
1097.0;;;28.03.2020;30.03.2023;53;101.04;-48.04
1098.0;;;28.03.2020;31.03.2023;41;101.04;-60.04
1099.0;;;28.03.2020;01.04.2023;74;101.04;-27.04
1100.0;;;28.03.2020;02.04.2023;43;101.04;-58.04
1101.0;;;28.03.2020;03.04.2023;19;101.04;-82.04
1102.0;;;28.03.2020;04.04.2023;11;101.04;-90.04
1103.0;;;28.03.2020;05.04.2023;35;101.04;-66.04
1104.0;;;28.03.2020;06.04.2023;46;101.04;-55.04
1105.0;;;28.03.2020;07.04.2023;47;101.04;-54.04
1106.0;;;28.03.2020;08.04.2023;41;101.04;-60.04
1107.0;;;28.03.2020;09.04.2023;37;101.04;-64.04
1108.0;;;28.03.2020;10.04.2023;31;101.04;-70.04
1109.0;;;28.03.2020;11.04.2023;25;101.04;-76.04
1110.0;;;28.03.2020;12.04.2023;37;101.04;-64.04
1111.0;;;28.03.2020;13.04.2023;43;101.04;-58.04
1112.0;;;28.03.2020;14.04.2023;52;101.04;-49.04
1113.0;;;28.03.2020;15.04.2023;54;101.04;-47.04
1114.0;;;28.03.2020;16.04.2023;44;101.04;-57.04
1115.0;;;28.03.2020;17.04.2023;30;101.04;-71.04
1116.0;;;28.03.2020;18.04.2023;20;101.04;-81.04
1117.0;;;28.03.2020;19.04.2023;32;101.04;-69.04
1118.0;;;28.03.2020;20.04.2023;31;101.04;-70.04
1119.0;;;28.03.2020;21.04.2023;33;101.04;-68.04
1120.0;;;28.03.2020;22.04.2023;37;101.04;-64.04
1121.0;;;28.03.2020;23.04.2023;28;101.04;-73.04
1122.0;;;28.03.2020;24.04.2023;27;101.04;-74.04
1123.0;;;28.03.2020;25.04.2023;21;101.04;-80.04
1124.0;;;28.03.2020;26.04.2023;30;101.04;-71.04
1125.0;;;28.03.2020;27.04.2023;34;101.04;-67.04
1126.0;;;28.03.2020;28.04.2023;37;101.04;-64.04
1127.0;;;28.03.2020;29.04.2023;42;101.04;-59.04
1128.0;;;28.03.2020;30.04.2023;38;101.04;-63.04
1129.0;;;28.03.2020;01.05.2023;26;101.04;-75.04
1130.0;;;28.03.2020;02.05.2023;11;101.04;-90.04
1131.0;;;28.03.2020;03.05.2023;10;101.04;-91.04
1132.0;;;28.03.2020;04.05.2023;23;101.04;-78.04
1133.0;;;28.03.2020;05.05.2023;36;101.04;-65.04
1134.0;;;28.03.2020;06.05.2023;40;101.04;-61.04
1135.0;;;28.03.2020;07.05.2023;24;101.04;-77.04
1136.0;;;28.03.2020;08.05.2023;18;101.04;-83.04
1137.0;;;28.03.2020;09.05.2023;14;101.04;-87.04
1138.0;;;28.03.2020;10.05.2023;13;101.04;-88.04
1139.0;;;28.03.2020;11.05.2023;11;101.04;-90.04
1140.0;;;28.03.2020;12.05.2023;16;101.04;-85.04
1141.0;;;28.03.2020;13.05.2023;15;101.04;-86.04
1142.0;;;28.03.2020;14.05.2023;20;101.04;-81.04
1143.0;;;28.03.2020;15.05.2023;18;101.04;-83.04
1151.0;;;28.03.2020;23.05.2023;117;101.04;15.96
1158.0;;;28.03.2020;30.05.2023;76;101.04;-25.04
1165.0;;;28.03.2020;06.06.2023;68;101.04;-33.04
1172.0;;;28.03.2020;13.06.2023;23;101.04;-78.04
1179.0;;;28.03.2020;20.06.2023;11;101.04;-90.04
1186.0;;;28.03.2020;27.06.2023;27;101.04;-74.04
