,X,X_n,Y_n,X_hat,Res_n,Res_hat
0,6.0,-0.7141231979099406,-0.7105735,6.533477783203125,-0.0035497034755839207,-0.533477783203125
1,0.0,-0.7540466891834363,-1.292247,-80.884765625,0.5382003677776233,80.884765625
2,3.0,-0.7340849435466885,-1.5623183,-121.47309875488281,0.8282333814960361,124.47309875488281
3,0.0,-0.7540466891834363,-1.5197902,-115.08164978027344,0.765743483393468,115.08164978027344
4,0.0,-0.7540466891834363,-1.1711019,-62.67817687988281,0.41705523857382687,62.67817687988281
5,0.0,-0.7540466891834363,-0.54710186,31.101211547851562,-0.20694483390542118,-31.101211547851562
6,0.0,-0.7540466891834363,0.33389446,163.50390625,-1.0879411505767926,-163.50390625
7,0.0,-0.7540466891834363,1.4317167,328.4928283691406,-2.1857633697101697,-328.4928283691406
8,0.0,-0.7540466891834363,2.699306,518.99560546875,-3.4533527003833875,-518.99560546875
9,1.0,-0.7473927739711871,4.1660395,739.42724609375,-4.913432240829097,-738.42724609375
10,4.0,-0.7274310283344392,5.868421,995.2738037109375,-6.59585210606271,-991.2738037109375
11,0.0,-0.7540466891834363,7.7971497,1285.1375732421875,-8.551196347386561,-1285.1375732421875
12,2.0,-0.7407388587589377,10.0025015,1616.57421875,-10.743240346490872,-1614.57421875
13,0.0,-0.7540466891834363,12.48634,1989.864013671875,-13.240386258275233,-1989.864013671875
14,0.0,-0.7540466891834363,15.270196,2408.24267578125,-16.02424265018197,-2408.24267578125
15,0.0,-0.7540466891834363,18.155792,2841.91162109375,-18.90983892551156,-2841.91162109375
16,5.0,-0.7207771131221898,21.123857,3287.974609375,-21.844634611291134,-3282.974609375
17,0.0,-0.7540466891834363,24.189083,3748.6396484375,-24.94312978854867,-3748.6396484375
18,6.0,-0.7141231979099406,27.42811,4235.4248046875,-28.142233320590606,-4229.4248046875
19,5.0,-0.7207771131221898,30.886602,4755.19287109375,-31.607379514855587,-4750.19287109375
20,5.0,-0.7207771131221898,34.6158,5315.64404296875,-35.3365760633175,-5310.64404296875
21,5.0,-0.7207771131221898,38.600487,5914.49267578125,-39.32126386849328,-5909.49267578125
22,2.0,-0.7407388587589377,42.751564,6538.34765625,-43.492302884637844,-6536.34765625
23,8.0,-0.700815367485442,47.130722,7196.48046875,-47.83153741338388,-7188.48046875
24,6.0,-0.7141231979099406,51.702244,7883.5224609375,-52.41636700284158,-7877.5224609375
25,4.0,-0.7274310283344392,56.45417,8597.677734375,-57.18160125538522,-8593.677734375
26,4.0,-0.7274310283344392,61.37848,9337.740234375,-62.105910032240686,-9333.740234375
27,15.0,-0.6542379609996969,66.48681,10105.4580078125,-67.14104673785516,-10090.4580078125
28,12.0,-0.6741997066364448,71.72788,10893.1259765625,-72.40208209189035,-10881.1259765625
29,17.0,-0.6409301305751983,77.16533,11710.3056640625,-77.80625911006739,-11693.3056640625
30,14.0,-0.6608918762119462,82.73469,12547.310546875,-83.39557968138773,-12533.310546875
31,4.0,-0.7274310283344392,88.59406,13427.9013671875,-89.32149383351022,-13423.9013671875
32,14.0,-0.6608918762119462,94.57063,14326.1044921875,-95.23152481078226,-14312.1044921875
33,7.0,-0.7074692826976913,101.05457,15300.5595703125,-101.76204234177972,-15293.5595703125
34,4.0,-0.7274310283344392,107.355804,16247.5556640625,-108.08323547169381,-16243.5556640625
35,24.0,-0.5943527240894533,115.02408,17400.0,-115.61843109323007,-17376.0
36,18.0,-0.6342762153629491,119.82043,18120.83203125,-120.45470315628091,-18102.83203125
37,1.0,-0.7473927739711871,131.96086,19945.38671875,-132.7082539800259,-19944.38671875
38,18.0,-0.6342762153629491,126.740395,19160.81640625,-127.3746708076481,-19142.81640625
39,12.0,-0.6741997066364448,161.72362,24418.35546875,-162.39781726034738,-24406.35546875
40,17.0,-0.6409301305751983,120.695694,18252.373046875,-121.33662410030176,-18235.373046875
41,27.0,-0.5743909784527054,199.2509,30058.236328125,-199.82529124700739,-30031.236328125
42,7.0,-0.7074692826976913,114.65874,17345.09375,-115.36620646531487,-17338.09375
43,16.0,-0.6475840457874477,192.02245,28971.890625,-192.6700297244984,-28955.890625
44,15.0,-0.6542379609996969,116.19373,17575.78515625,-116.84797117633173,-17560.78515625
45,20.0,-0.6209683849384505,186.26984,28107.345703125,-186.89080481071971,-28087.345703125
46,11.0,-0.6808536218486941,118.699326,17952.34375,-119.38017918337214,-17941.34375
47,12.0,-0.6741997066364448,198.19403,29899.40234375,-198.8682304683552,-29887.40234375
48,16.0,-0.6475840457874477,122.51877,18526.359375,-123.16635235633433,-18510.359375
49,19.0,-0.6276223001506998,213.07571,32135.931640625,-213.70333641147883,-32116.931640625
50,19.0,-0.6276223001506998,130.24896,19688.109375,-130.87658470249445,-19669.109375
51,19.0,-0.6276223001506998,222.57155,33563.03515625,-223.19917076206477,-33544.03515625
52,27.0,-0.5743909784527054,140.53864,21234.51953125,-141.11302623235895,-21207.51953125
53,10.0,-0.6875075370609434,225.95604,34071.68359375,-226.6435469657719,-34061.68359375
54,33.0,-0.5344674871792097,152.33174,23006.875,-152.866208820187,-22973.875
55,19.0,-0.6276223001506998,227.57999,34315.7421875,-228.20760887241633,-34296.7421875
56,30.0,-0.5544292328159576,163.4106,24671.888671875,-163.96502798769876,-24641.888671875
57,23.0,-0.6010066393017026,225.49608,34002.55859375,-226.09708513051265,-33979.55859375
58,26.0,-0.5810448936649547,167.536,25291.8828125,-168.1170403770634,-25265.8828125
59,16.0,-0.6475840457874477,228.90584,34515.0,-229.55342205848277,-34499.0
60,21.0,-0.6143144697262012,164.60655,24851.625,-165.22086659374963,-24830.625
61,42.0,-0.474582250268966,236.81462,35703.59375,-237.28920322194864,-35661.59375
62,52.0,-0.40804309814647305,149.06831,22516.421875,-149.47635669677928,-22464.421875
63,42.0,-0.474582250268966,252.74591,38097.8671875,-253.2204928948002,-38055.8671875
64,59.0,-0.36146569166072795,109.538574,16575.59765625,-109.90003991041073,-16516.59765625
65,63.0,-0.3348500308117308,278.10367,41908.81640625,-278.43851824370233,-41845.81640625
66,23.0,-0.6010066393017026,50.880802,7760.0703125,-51.48180879384272,-7737.0703125
67,44.0,-0.4612744198444674,347.37933,52320.08203125,-347.8406079159382,-52276.08203125
68,112.0,-0.008808185411515358,36.40212,5584.10546875,-36.410926868272846,-5472.10546875
69,65.0,-0.3215422003872322,442.98672,66688.671875,-443.30826705390285,-66623.671875
70,32.0,-0.5411214023914589,-3.23311,-372.5721130371094,2.6919885486278283,404.5721130371094
71,69.0,-0.29492653953823506,682.1145,102626.578125,-682.4094284926632,-102557.578125
72,37.0,-0.5078518263302124,22.978233,3566.6640625,-23.486085163732557,-3529.6640625
73,37.0,-0.5078518263302124,872.6954,131268.5,-873.2032253614865,-131231.5
74,60.0,-0.35481177644847867,110.252556,16682.900390625,-110.60736762361645,-16622.900390625
75,59.0,-0.36146569166072795,745.2279,112111.7265625,-745.5893709650983,-112052.7265625
76,110.0,-0.02211601583601395,-67.99928,-10106.115234375,67.97716682107804,10216.115234375
77,100.0,-0.08865516795850689,1011.9823,152201.578125,-1012.0709549726461,-152101.578125
78,105.0,-0.055385591897260424,-99.279205,-14807.095703125,99.22381973036836,14912.095703125
79,98.0,-0.10196299838300549,1115.6729,167784.96875,-1115.774814560883,-167686.96875
80,63.0,-0.3348500308117308,-77.924095,-11597.6904296875,77.58924512299686,11660.6904296875
81,95.0,-0.12192474401975337,1160.4803,174518.96875,-1160.6022714237072,-174423.96875
82,51.0,-0.41469701335872233,-79.12815,-11778.64453125,78.71345392658269,11829.64453125
83,41.0,-0.4812361654812153,1183.4203,177966.5625,-1183.9015242514188,-177925.5625
84,95.0,-0.12192474401975337,-103.77564,-15482.853515625,103.65371765099978,15577.853515625
85,95.0,-0.12192474401975337,1216.607,182954.109375,-1216.7289804080822,-182859.109375
86,75.0,-0.25500304826473924,-119.27417,-17812.087890625,119.01916687361026,17887.087890625
87,61.0,-0.3481578612362294,1256.6992,188979.46875,-1257.0473766112361,-188918.46875
88,44.0,-0.4612744198444674,-137.60019,-20566.2578125,137.1389147891399,20610.2578125
89,69.0,-0.29492653953823506,1323.9828,199091.34375,-1324.2777146254757,-199022.34375
90,37.0,-0.5078518263302124,-174.14055,-26057.81640625,173.63269687972448,26094.81640625
91,45.0,-0.4546205046322181,1386.4943,208486.03125,-1386.9488831999447,-208441.03125
92,58.0,-0.3681196068729773,-241.58823,-36194.35546875,241.2201067114864,36252.35546875
93,55.0,-0.38808135250972514,1384.035,208116.4375,-1384.4231155321972,-208061.4375
94,35.0,-0.5211596567547111,-301.3353,-45173.59375,300.81413697410466,45208.59375
95,73.0,-0.26831087868923786,1259.354,189378.4375,-1259.6223147849391,-189305.4375
96,45.0,-0.4546205046322181,-154.40694,-23092.1015625,153.95231614087558,23137.1015625
97,57.0,-0.3747735220852266,891.9571,134163.296875,-892.3318658072415,-134106.296875
98,35.0,-0.5211596567547111,114.94091,17387.501953125,-115.46206999611017,-17352.501953125
99,51.0,-0.41469701335872233,150.47778,22728.248046875,-150.89248021648373,-22677.248046875
100,26.0,-0.5810448936649547,90.38242,13696.6689453125,-90.96346829454386,-13670.6689453125
101,38.0,-0.5011979111179632,196.0522,29577.51171875,-196.55339822850078,-29539.51171875
102,27.0,-0.5743909784527054,-42.898415,-6333.77001953125,42.3240236333637,6360.77001953125
103,28.0,-0.5677370632404561,270.43295,40756.0078125,-271.0006899440998,-40728.0078125
104,35.0,-0.5211596567547111,-146.34154,-21879.974609375,145.82037781883122,21914.974609375
105,26.0,-0.5810448936649547,253.82526,38260.078125,-254.40630124132122,-38234.078125
106,16.0,-0.6475840457874477,-159.91423,-23919.779296875,159.26664630089223,23935.779296875
107,31.0,-0.5477753176037082,278.67197,41994.2265625,-279.21974187033805,-41963.2265625
108,12.0,-0.6741997066364448,-138.87148,-20757.31640625,138.19727551309012,20769.31640625
109,34.0,-0.5278135719669603,275.56622,41527.47265625,-276.09403671649824,-41493.47265625
110,36.0,-0.5145057415424618,-142.12094,-21245.671875,141.60643542056692,21281.671875
111,27.0,-0.5743909784527054,210.0269,31677.734375,-210.60129222356989,-31650.734375
112,18.0,-0.6342762153629491,-62.077282,-9216.11328125,61.443005736541345,9234.11328125
113,30.0,-0.5544292328159576,157.73134,23818.3671875,-158.2857677337925,-23788.3671875
114,19.0,-0.6276223001506998,-21.275322,-3084.09033203125,20.647699660298517,3103.09033203125
115,16.0,-0.6475840457874477,393.45023,59243.9609375,-394.09780987586555,-59227.9609375
116,17.0,-0.6409301305751983,-4.4012165,-548.1239013671875,3.7602863763828096,565.1239013671875
117,32.0,-0.5411214023914589,629.0513,94651.8359375,-629.5923909336415,-94619.8359375
118,48.0,-0.43465875899547024,217.3683,32781.0546875,-217.80296015059704,-32733.0546875
119,20.0,-0.6209683849384505,864.0161,129964.109375,-864.6370816661885,-129944.109375
120,28.0,-0.5677370632404561,402.94675,60671.16796875,-403.5144838894123,-60643.16796875
121,36.0,-0.5145057415424618,1044.014,157015.546875,-1044.52854382748,-156979.546875
122,15.0,-0.6542379609996969,217.29793,32770.4765625,-217.952165817445,-32755.4765625
123,13.0,-0.6675457914241956,820.49146,123422.8984375,-821.1590008695492,-123409.8984375
124,40.0,-0.48789008069346457,-193.38791,-28950.453125,192.9000188548534,28990.453125
125,42.0,-0.474582250268966,1204.4498,181127.03125,-1204.9244113518314,-181085.03125
126,33.0,-0.5344674871792097,-152.3553,-22783.767578125,151.8208334161411,22816.767578125
127,36.0,-0.5145057415424618,1152.1815,173271.765625,-1152.69602429623,-173235.765625
128,37.0,-0.5078518263302124,-5.297039,-682.7547607421875,4.789187205652209,719.7547607421875
129,1.0,-0.7473927739711871,1121.8839,168718.40625,-1122.6313039067836,-168717.40625
130,4.0,-0.7274310283344392,1115.3077,167730.09375,-1116.035170286147,-167726.09375
131,30.0,-0.5544292328159576,1207.7072,181616.5625,-1208.2615825531284,-181586.5625
132,20.0,-0.6209683849384505,1286.5386,193463.9375,-1287.1595426036884,-193443.9375
133,19.0,-0.6276223001506998,1275.5072,191806.0625,-1276.1348244485882,-191787.0625
134,20.0,-0.6209683849384505,1319.9412,198483.9375,-1320.5621304943134,-198463.9375
135,33.0,-0.5344674871792097,1349.4708,202921.875,-1350.0052926824917,-202888.875
136,21.0,-0.6143144697262012,1271.9037,191264.5,-1272.5180009931637,-191243.5
137,19.0,-0.6276223001506998,514.5987,77451.0546875,-515.226316147807,-77432.0546875
138,37.0,-0.5078518263302124,-293.2916,-43964.7265625,292.78374363265414,44001.7265625
139,32.0,-0.5411214023914589,331.34906,49910.93359375,-331.8901814609852,-49878.93359375
140,39.0,-0.49454399590571385,-250.79727,-37578.359375,250.30272773260992,37617.359375
141,34.0,-0.5278135719669603,106.55942,16127.8681640625,-107.08723129657633,-16093.8681640625
142,47.0,-0.4413126742077195,-27.410112,-4006.072265625,26.968799706773726,4053.072265625
143,25.0,-0.587698808877204,51.18091,7805.17236328125,-51.76860701200221,-7780.17236328125
144,27.0,-0.5743909784527054,7.4686437,1235.7672119140625,-8.043034643766426,-1208.7672119140625
145,37.0,-0.5078518263302124,69.18455,10510.89453125,-69.69239925064662,-10473.89453125
146,35.0,-0.5211596567547111,15.331207,2417.411865234375,-15.852366932145337,-2382.411865234375
147,36.0,-0.5145057415424618,74.85854,11363.625,-75.37304913753856,-11327.625
148,34.0,-0.5278135719669603,24.850254,3848.00537109375,-25.37806763080485,-3814.00537109375
149,50.0,-0.4213509285709716,69.127266,10502.28515625,-69.54861685874675,-10452.28515625
150,24.0,-0.5943527240894533,32.482243,4994.99755859375,-33.07659530831797,-4970.99755859375
151,41.0,-0.4812361654812153,55.65664,8477.8193359375,-56.13787526460231,-8436.8193359375
152,28.0,-0.5677370632404561,26.373707,4076.961181640625,-26.94144388086741,-4048.961181640625
153,30.0,-0.5544292328159576,36.879208,5655.80615234375,-37.43363684389994,-5625.80615234375
154,24.0,-0.5943527240894533,9.557638,1549.7169189453125,-10.151990892424415,-1525.7169189453125
155,22.0,-0.6076605545139518,5.355997,918.262939453125,-5.963657640085241,-896.262939453125
156,32.0,-0.5411214023914589,-10.355397,-1442.962646484375,9.81427582203481,1474.962646484375
157,3.0,-0.7340849435466885,-34.3665,-5051.5302734375,33.6324159109455,5054.5302734375
158,24.0,-0.5943527240894533,-44.62959,-6593.94384765625,44.03523635672109,6617.94384765625
159,23.0,-0.6010066393017026,-60.11908,-8921.8193359375,59.51807295054205,8944.8193359375
160,26.0,-0.5810448936649547,-74.117546,-11025.61328125,73.53650118787802,11051.61328125
161,34.0,-0.5278135719669603,-81.47914,-12131.96875,80.9513276633846,12165.96875
162,21.0,-0.6143144697262012,-99.31505,-14812.482421875,98.70073374804724,14833.482421875
163,25.0,-0.587698808877204,-103.281784,-15408.6328125,102.69408524873998,15433.6328125
164,21.0,-0.6143144697262012,-119.07357,-17781.939453125,118.45925578173865,17802.939453125
165,20.0,-0.6209683849384505,-122.84148,-18348.208984375,122.22050805549124,18368.208984375
166,27.0,-0.5743909784527054,-143.49736,-21452.529296875,142.9229692510395,21479.529296875
167,18.0,-0.6342762153629491,-154.27333,-23072.0234375,153.63905447311362,23090.0234375
168,38.0,-0.5011979111179632,-179.53398,-26868.3828125,179.03278341212422,26906.3828125
169,32.0,-0.5411214023914589,-206.33145,-30895.705078125,205.79033001362416,30927.705078125
170,21.0,-0.6143144697262012,-241.48924,-36179.48046875,240.87492808398474,36200.48046875
171,14.0,-0.6608918762119462,-280.8594,-42096.32421875,280.19851364136616,42110.32421875
172,19.0,-0.6276223001506998,-325.56668,-48815.265625,324.93905860805245,48834.265625
173,29.0,-0.5610831480282068,-375.6764,-56346.125,375.1153084535343,56375.125
174,27.0,-0.5743909784527054,-429.51785,-64437.82421875,428.9434618047504,64464.82421875
175,34.0,-0.5278135719669603,-480.216,-72057.125,479.68818984600176,72091.125
176,42.0,-0.474582250268966,-523.57336,-78573.1875,523.0987820075435,78615.1875
177,39.0,-0.49454399590571385,-557.413,-83658.8671875,556.918480906438,83697.8671875
178,24.0,-0.5943527240894533,-579.4646,-86972.9453125,578.8702468852855,86996.9453125
179,23.0,-0.6010066393017026,-591.31104,-88753.3125,590.7100285169483,88776.3125
180,25.0,-0.587698808877204,-606.8782,-91092.859375,606.2904750192478,91117.859375
181,32.0,-0.5411214023914589,-652.2365,-97909.6484375,651.6953898280773,97941.6484375
182,44.0,-0.4612744198444674,-770.52167,-115686.421875,770.0603930606243,115730.421875
183,41.0,-0.4812361654812153,-852.7729,-128047.75,852.2916520181126,128088.75
184,37.0,-0.5078518263302124,-818.25507,-122860.15625,817.7472140916385,122897.15625
185,14.0,-0.6608918762119462,-579.67773,-87004.9765625,579.016842498788,87018.9765625
186,34.0,-0.5278135719669603,-415.3574,-62309.68359375,414.8295777854549,62343.68359375
187,30.0,-0.5544292328159576,-405.1478,-60775.30859375,404.5933673980434,60805.30859375
188,38.0,-0.5011979111179632,-25.963177,-3788.6162109375,25.46197881617696,3826.6162109375
189,48.0,-0.43465875899547024,-87.63213,-13056.6865234375,87.19747472489125,13104.6865234375
190,49.0,-0.4280048437832209,-59.443302,-8820.2587890625,59.015297310757795,8869.2587890625
191,50.0,-0.4213509285709716,-91.35178,-13615.703125,90.93043282387043,13665.703125
192,58.0,-0.3681196068729773,-159.37874,-23839.30078125,159.01061879644735,23897.30078125
193,50.0,-0.4213509285709716,-103.86168,-15495.7841796875,103.44032814857746,15545.7841796875
194,49.0,-0.4280048437832209,-72.36396,-10762.0712890625,71.93595542233005,10811.0712890625
195,37.0,-0.5078518263302124,-81.15594,-12083.3955078125,80.64808536849401,12120.3955078125
196,45.0,-0.4546205046322181,-127.148636,-18995.521484375,126.6940153596256,19040.521484375
197,56.0,-0.38142743729747586,-96.40795,-14375.58203125,96.026523917683,14431.58203125
198,63.0,-0.3348500308117308,-91.81481,-13685.291015625,91.47996167573123,13748.291015625
199,61.0,-0.3481578612362294,-92.603134,-13803.765625,92.2549762940372,13864.765625
200,64.0,-0.32819611559948153,-129.82344,-19397.51171875,129.49524443615834,19461.51171875
201,64.0,-0.32819611559948153,-99.30263,-14810.615234375,98.97443144787708,14874.615234375
202,66.0,-0.3148882851749829,-104.84365,-15643.361328125,104.5287625326961,15709.361328125
203,75.0,-0.25500304826473924,-114.287926,-17062.71875,114.0329226719501,17137.71875
204,86.0,-0.181809980929997,-150.64943,-22527.396484375,150.46761934035908,22613.396484375
205,89.0,-0.16184823529324913,-132.57593,-19811.17578125,132.41407949908174,19900.17578125
206,98.0,-0.10196299838300549,-159.9194,-23920.556640625,159.81744007778886,24018.556640625
207,85.0,-0.18846389614224632,-165.50172,-24759.509765625,165.3132603470218,24844.509765625
208,98.0,-0.10196299838300549,-202.81549,-30367.30078125,202.71352772427323,30465.30078125
209,97.0,-0.10861691359525477,-224.37447,-33607.34375,224.26584902878756,33704.34375
210,109.0,-0.028769931048263243,-262.051,-39269.65234375,262.0222249419986,39378.65234375
211,110.0,-0.02211601583601395,-319.80185,-47948.8828125,319.7797333493984,48058.8828125
212,110.0,-0.02211601583601395,-353.54337,-53019.80859375,353.52124946267963,53129.80859375
213,110.0,-0.02211601583601395,-457.31985,-68616.1171875,457.29773872049213,68726.1171875
214,116.0,0.01780747543748182,-440.69852,-66118.140625,440.71632432114063,66234.140625
215,115.0,0.011153560225232527,-659.8847,-99059.078125,659.895858150069,99174.078125
216,110.0,-0.02211601583601395,-653.6428,-98121.0,653.620706249789,98231.0
217,117.0,0.024461390649731116,-902.4444,-135512.75,902.468858363306,135629.75
218,119.0,0.037769221074229704,-995.41626,-149485.25,995.4540289866992,149604.25
219,117.0,0.024461390649731116,-1186.1897,-178156.109375,1186.2141586562748,178273.109375
220,120.0,0.044423136286479,-1195.0836,-179492.75,1195.128041300349,179612.75
221,126.0,0.08434662755997477,-1380.1677,-207308.578125,1380.252071236935,207434.578125
222,120.0,0.044423136286479,-1469.3901,-220717.578125,1469.4345598550365,220837.578125
223,118.0,0.03111530586198041,-1624.9017,-244089.03125,1624.9328487042994,244207.03125
224,127.0,0.09100054277222407,-1726.8527,-259410.96875,1726.9436616755847,259537.96875
225,128.0,0.09765445798447336,-1764.2766,-265035.34375,1764.3742657861094,265163.34375
226,85.0,-0.18846389614224632,-1894.0614,-284540.375,1893.8729374710454,284625.375
227,129.0,0.10430837319672265,-1857.6157,-279063.03125,1857.7200310294468,279192.03125
228,130.0,0.11096228840897195,-1969.1442,-295824.375,1969.2551273274714,295954.375
229,137.0,0.157539694894717,-1894.8259,-284655.25,1894.9834674292697,284792.25
230,148.0,0.23073276222945927,-1967.7632,-295616.8125,1967.9939163559795,295764.8125
231,152.0,0.25734842307845646,-1912.7123,-287343.34375,1912.9696286965159,287495.34375
232,150.0,0.24404059265395783,-1989.6327,-298903.53125,1989.8767310223413,299053.53125
233,160.0,0.3105797447764508,-1889.4427,-283846.25,1889.753328768214,284006.25
234,170.0,0.37711889689894373,-2121.9844,-318794.34375,2122.361493896899,318964.34375
235,167.0,0.3571571512621958,-1803.9319,-270995.03125,1804.2890419168873,271162.03125
236,165.0,0.34384932083769726,-2067.6475,-310628.1875,2067.9913102583378,310793.1875
237,163.0,0.3305414904131987,-1883.7892,-282996.59375,1884.1197260607257,283159.59375
238,169.0,0.37046498168669445,-2267.6912,-340692.21875,2268.061627091062,340861.21875
239,167.0,0.3571571512621958,-1070.2819,-160736.609375,1070.6390175028248,160903.609375
240,169.0,0.37046498168669445,-3089.7488,-464237.1875,3090.119244278562,464406.1875
241,170.0,0.37711889689894373,-3061.6606,-460015.875,3062.037763428149,460185.875
242,175.0,0.4103884729601902,-3472.7876,-521803.125,3473.19798612921,521978.125
243,178.0,0.4303502185969381,-1847.4457,-277534.59375,1847.8760289295344,277712.59375
244,180.0,0.4436580490214367,-1843.6208,-276959.78125,1844.0645076583965,277139.78125
245,185.0,0.47692762508268316,-1897.6227,-285075.59375,1898.0996082891452,285260.59375
246,195.0,0.5434667772051761,-1094.47,-164371.78125,1095.0134374803301,164566.78125
247,194.0,0.5368128619929268,-689.33527,-103485.125,689.8720789752741,103679.125
248,195.0,0.5434667772051761,-635.715,-95426.6796875,636.2584936326739,95621.6796875
249,195.0,0.5434667772051761,-552.5356,-82925.8515625,553.0790502732989,83120.8515625
250,199.0,0.5700824380541732,-574.24207,-86188.0625,574.8121478677417,86387.0625
251,199.0,0.5700824380541732,-617.1555,-92637.4140625,617.7256000161792,92836.4140625
252,198.0,0.563428522841924,-660.31665,-99123.9921875,660.880078913467,99321.9921875
253,880.0,5.101398697595943,-704.5233,-105767.703125,709.6247141272835,106647.703125
254,250.0,0.9094321138788873,-748.1131,-112318.6953125,749.0225302584101,112568.6953125
255,284.0,1.1356652310953634,-787.8278,-118287.3203125,788.9634850553141,118571.3203125
256,335.0,1.4750149069200773,-823.4587,-123642.1953125,824.9336941061388,123977.1953125
257,271.0,1.0491643333361225,-847.20483,-127210.9453125,848.2539983177111,127481.9453125
258,297.0,1.2221661288546042,-862.6925,-129538.546875,863.9146710116671,129835.546875
259,330.0,1.4417453308588308,-856.7039,-128638.5390625,858.14566378789,128968.5390625
260,329.0,1.4350914156465815,-852.33386,-127981.7734375,853.768953720334,128310.7734375
261,328.0,1.4284375004343324,-818.4281,-122886.1640625,819.8565380863719,123214.1640625
262,348.0,1.5615158046793183,-562.3342,-84398.4609375,563.8957443203043,84746.4609375
263,359.0,1.6347088720140603,-422.77512,-63424.47265625,424.40982483881095,63783.47265625
264,357.0,1.6214010415895619,-567.58563,-85187.6796875,569.2070333658083,85544.6796875
265,375.0,1.741171515410049,-481.91025,-72311.75,483.6514193181444,72686.75
266,393.0,1.8609419892305366,-530.7078,-79645.4140625,532.5687666962618,80038.4140625
267,395.0,1.874249819655035,-455.34045,-68318.640625,457.21470392121756,68713.640625
268,394.0,1.8675959044427857,-579.2199,-86936.171875,581.0875055724115,87330.171875
269,398.0,1.894211565291783,158.91612,23996.423828125,-157.02191087123165,-23598.423828125
270,416.0,2.0139820391122703,80.08523,12149.1298828125,-78.07124592719633,-11733.1298828125
271,442.0,2.1869838346307517,198.64955,29967.861328125,-196.4625675569708,-29525.861328125
272,416.0,2.0139820391122703,372.48776,56093.5625,-370.4737804120596,-55677.5625
273,425.0,2.073867276022514,26.49691,4095.47705078125,-24.42304281919233,-3670.47705078125
274,398.0,1.894211565291783,18.982153,2966.103271484375,-17.08794137355099,-2568.103271484375
275,396.0,1.8809037348672843,113.39218,17154.748046875,-111.51127766161709,-16758.748046875
276,394.0,1.8675959044427857,-4.0728106,-498.7685852050781,5.940406554314611,892.7685852050781
277,395.0,1.874249819655035,145.86455,22034.9375,-143.99029790983715,-21639.9375
278,392.0,1.8542880740182872,-28.942436,-4236.361328125,30.796724292280008,4628.361328125
279,303.0,1.2620896201281,232.75029,35092.7734375,-231.48820029686408,-34789.7734375
280,270.0,1.0425104181238731,7.1822724,1192.729248046875,-6.139762016110746,-922.729248046875
281,205.0,0.6100059293276691,201.05595,30329.513671875,-200.44594805016453,-30124.513671875
282,245.0,0.8761625378176409,-13.78933,-1959.03955078125,14.665492066626234,2204.03955078125
283,195.0,0.5434667772051761,252.75723,38099.56640625,-252.21376588881046,-37904.56640625
284,242.0,0.856200792180893,-40.322193,-5946.59619140625,41.178393937932846,6188.59619140625
285,261.0,0.9826251812136295,232.28468,35022.80078125,-231.30205804632544,-34761.80078125
286,167.0,0.3571571512621958,-7.332517,-988.66162109375,7.689674298326405,1155.66162109375
287,183.0,0.4636197946581846,167.46492,25281.201171875,-167.00130024928714,-25098.201171875
288,205.0,0.6100059293276691,53.653496,8176.771484375,-53.04348985924655,-7971.771484375
289,239.0,0.836239046544145,107.49487,16268.4560546875,-106.65863400033085,-16029.4560546875
290,229.0,0.7696998944216521,29.721998,4580.16748046875,-28.952298320300027,-4351.16748046875
291,245.0,0.8761625378176409,135.16212,20426.49609375,-134.28596209597143,-20181.49609375
292,199.0,0.5700824380541732,6.2964582,1059.6025390625,-5.726375806269557,-860.6025390625
293,274.0,1.0691260789728705,155.2033,23438.43359375,-154.13416676770683,-23164.43359375
294,184.0,0.4702737098704339,-12.619467,-1783.223876953125,13.089740491486644,1967.223876953125
295,271.0,1.0491643333361225,123.78042,18715.96875,-122.73125406265997,-18444.96875
296,210.0,0.6432755053889155,-16.639631,-2387.404296875,17.28290677675122,2597.404296875
297,183.0,0.4636197946581846,174.12761,26282.51953125,-173.66398945827152,-26099.51953125
298,197.0,0.5567746076296747,-91.10109,-13578.02734375,91.65786408516874,13775.02734375
299,132.0,0.12427011883347054,221.79277,33445.99609375,-221.66850026690872,-33313.99609375
300,195.0,0.5434667772051761,-62.714127,-9311.822265625,63.25759336411924,9506.822265625
301,163.0,0.3305414904131987,246.50496,37159.9296875,-246.17441761603212,-36996.9296875
302,181.0,0.45031196423368597,-143.75314,-21490.970703125,144.20345527478057,21671.970703125
303,92.0,-0.14188648965650125,244.74887,36896.01171875,-244.8907573392659,-36804.01171875
304,145.0,0.21077101659271136,96.587326,14629.1884765625,-96.37655503321197,-14484.1884765625
305,63.0,-0.3348500308117308,417.39163,62842.05078125,-417.72648211088983,-62779.05078125
306,98.0,-0.10196299838300549,-226.50911,-33928.15625,226.4071464986873,34026.15625
307,136.0,0.15088577968246772,152.21107,22988.740234375,-152.0601890494191,-22852.740234375
308,171.0,0.383772812111193,221.60666,33418.02734375,-221.22288612343567,-33247.02734375
309,150.0,0.24404059265395783,-269.81003,-40435.73828125,270.05406866882583,40585.73828125
310,165.0,0.34384932083769726,-114.673355,-17120.642578125,115.01720442337675,17285.642578125
311,115.0,0.011153560225232527,203.63318,30716.837890625,-203.62202515071226,-30601.837890625
312,42.0,-0.474582250268966,17.065119,2677.9970703125,-17.539701039941818,-2635.9970703125
313,101.0,-0.0820012527462576,-411.697,-61759.5703125,411.61498971405064,61860.5703125
314,124.0,0.07103879713547617,-390.85165,-58626.77734375,390.92269284986986,58750.77734375
315,163.0,0.3305414904131987,-501.46103,-75249.984375,501.7915705431476,75412.984375
316,83.0,-0.2017717265667449,-588.98706,-88404.046875,588.7852888203082,88487.046875
317,93.0,-0.13523257444425196,-697.4946,-104711.375,697.3593963318058,104804.375
318,40.0,-0.48789008069346457,-784.023,-117715.5078125,783.5351201732128,117755.5078125
319,81.0,-0.21507955699124348,-821.8328,-123397.8515625,821.61774515004,123478.8515625
320,76.0,-0.24834913305248996,-1005.3022,-150970.984375,1005.0538359255413,151046.984375
321,65.0,-0.3215422003872322,-889.135,-133512.515625,888.8134675652377,133577.515625
322,115.0,0.011153560225232527,-1152.724,-173126.640625,1152.7351525836627,173241.640625
323,111.0,-0.015462100623764652,-948.46484,-142429.046875,948.4493816493763,142540.046875
324,104.0,-0.062039507109509714,-1473.4373,-221325.8125,1473.3752163522654,221429.8125
325,58.0,-0.3681196068729773,-960.0352,-144167.921875,959.6670976782833,144225.921875
326,59.0,-0.36146569166072795,-562.35504,-84401.59375,561.9935758122455,84460.59375
327,70.0,-0.2882726243259857,198.4163,29932.806640625,-198.70457816631819,-29862.806640625
328,115.0,0.011153560225232527,-134.90353,-20160.984375,134.9146874957721,20275.984375
329,91.0,-0.14854040486875056,-1096.6222,-164695.234375,1096.4736519779437,164786.234375
330,115.0,0.011153560225232527,-1119.5022,-168133.8125,1119.5133508258502,168248.8125
331,111.0,-0.015462100623764652,-1079.0338,-162051.921875,1079.0183513759387,162162.921875
332,117.0,0.024461390649731116,-1042.7803,-156603.46875,1042.8047348281498,156720.46875
333,54.0,-0.3947352677219744,-1132.9258,-170151.203125,1132.531045982278,170205.203125
334,63.0,-0.3348500308117308,-1039.5469,-156117.53125,1039.2120249691882,156180.53125
335,72.0,-0.27496479390148715,-1041.3728,-156391.953125,1041.0978379404735,156463.953125
336,75.0,-0.25500304826473924,-935.4401,-140471.59375,935.185121463454,140546.59375
337,96.0,-0.11527082880750407,-703.0883,-105552.0390625,702.9730470422862,105648.0390625
338,94.0,-0.12857865923200265,-703.93915,-105679.90625,703.8105692899868,105773.90625
339,99.0,-0.09530908317075619,-754.35925,-113257.4140625,754.2639438465168,113356.4140625
340,89.0,-0.16184823529324913,-941.736,-141417.78125,941.5741747139255,141506.78125
341,92.0,-0.14188648965650125,-340.7804,-51101.6953125,340.638509018156,51193.6953125
342,90.0,-0.15519432008099984,-854.9921,-128381.2734375,854.8369321447627,128471.2734375
343,97.0,-0.10861691359525477,-1420.8242,-213418.734375,1420.7156018364049,213515.734375
344,94.0,-0.12857865923200265,-1101.6256,-165447.1875,1101.4970316923304,165541.1875
345,98.0,-0.10196299838300549,-1562.1669,-234660.765625,1562.0649071188045,234758.765625
346,89.0,-0.16184823529324913,-599.4182,-89971.71875,599.2563646553317,90060.71875
347,53.0,-0.40138918293422376,-1377.289,-206875.921875,1376.8875512467532,206928.921875
348,34.0,-0.5278135719669603,-1711.048,-257035.71875,1710.5201600608455,257069.71875
349,75.0,-0.25500304826473924,-559.53876,-83978.3359375,559.283754275954,84053.3359375
350,94.0,-0.12857865923200265,-336.68896,-50486.8046875,336.560386184518,50580.8046875
351,97.0,-0.10861691359525477,-2285.8245,-343417.4375,2285.71584597703,343514.4375
352,95.0,-0.12192474401975337,-1158.798,-174039.46875,1158.6760488887928,174134.46875
353,92.0,-0.14188648965650125,-2367.782,-355734.625,2367.6400959322186,355826.625
354,52.0,-0.40804309814647305,-2295.1738,-344822.53125,2294.7657850268533,344874.53125
355,66.0,-0.3148882851749829,-1778.9366,-267238.5625,1778.6217572226376,267304.5625
356,68.0,-0.30158045475048434,-2343.4548,-352078.5625,2343.1532535296246,352146.5625
357,73.0,-0.26831087868923786,-1179.2744,-177116.828125,1179.0061031838109,177189.828125
358,70.0,-0.2882726243259857,-2581.0781,-387790.375,2580.789852375674,387860.375
359,69.0,-0.29492653953823506,779.88635,117320.4609375,-780.1812790786007,-117251.4609375
360,68.0,-0.30158045475048434,-1478.8451,-222138.546875,1478.543512318687,222206.546875
361,63.0,-0.3348500308117308,-2856.898,-429242.625,2856.5630991879384,429305.625
362,73.0,-0.26831087868923786,-2148.809,-322825.75,2148.540771152561,322898.75
363,76.0,-0.24834913305248996,412.26715,62071.90625,-412.51550001195875,-61995.90625
364,69.0,-0.29492653953823506,-440.60022,-66103.3671875,440.3052931870243,66172.3671875
365,71.0,-0.28161870911373643,213.5107,32201.3046875,-213.79231512024654,-32130.3046875
366,46.0,-0.4479665894199688,-3869.193,-581377.875,3868.745148644955,581423.875
367,51.0,-0.41469701335872233,-3335.3157,-501142.8125,3334.900976814766,501193.8125
368,67.0,-0.3082343699627336,-4400.499,-661226.5,4400.1907890675375,661293.5
369,77.0,-0.24169521784024067,-3818.7292,-573793.8125,3818.487552829035,573870.8125
370,89.0,-0.16184823529324913,-4606.7417,-692222.1875,4606.579850983457,692311.1875
371,91.0,-0.14854040486875056,-3837.671,-576640.5,3837.5223580326315,576731.5
372,81.0,-0.21507955699124348,-3455.3923,-519188.8125,3455.1772544273836,519269.8125
373,79.0,-0.22838738741574208,-3162.8608,-475225.0,3162.6324524563342,475304.0
374,51.0,-0.41469701335872233,-2793.8425,-419766.1875,2793.427832283516,419817.1875
375,50.0,-0.4213509285709716,-2497.4834,-375227.125,2497.062047508929,375277.125
376,44.0,-0.4612744198444674,-4249.1655,-638483.0,4248.704252923905,638527.0
377,67.0,-0.3082343699627336,-3386.831,-508884.9375,3386.5228203175375,508951.9375
378,70.0,-0.2882726243259857,-738.9475,-110941.2265625,738.6592371412991,111011.2265625
379,67.0,-0.3082343699627336,-6125.85,-920525.125,6125.5418632862875,920592.125
380,66.0,-0.3148882851749829,-3351.7773,-503616.78125,3351.462455464825,503682.78125
381,49.0,-0.4280048437832209,-7202.579,-1082344.0,7202.151096718717,1082393.0
382,59.0,-0.36146569166072795,-3108.696,-467084.71875,3108.3345792302143,467143.71875
383,51.0,-0.41469701335872233,-7113.9585,-1069025.375,7113.543799080391,1069076.375
384,70.0,-0.2882726243259857,-5569.3584,-836891.4375,5569.070125813174,836961.4375
385,73.0,-0.26831087868923786,-9491.63,-1426359.625,9491.36157193381,1426432.625
386,71.0,-0.28161870911373643,-5723.864,-860111.625,5723.582150822136,860182.625
387,69.0,-0.29492653953823506,-10016.192,-1505194.75,10015.897456272962,1505263.75
388,49.0,-0.4280048437832209,-7349.1353,-1104369.5,7348.707249062467,1104418.5
389,55.0,-0.38808135250972514,-12709.776,-1910006.625,12709.38828583499,1910061.625
390,59.0,-0.36146569166072795,-7505.732,-1127904.0,7505.370467902089,1127963.0
391,59.0,-0.36146569166072795,-11349.871,-1705629.875,11349.509628058338,1705688.875
392,69.0,-0.29492653953823506,-7253.108,-1089937.75,7252.812983616712,1090006.75
393,78.0,-0.2350413026279914,-12146.856,-1825406.875,12146.621404009871,1825484.875
394,51.0,-0.41469701335872233,-7627.4604,-1146198.25,7627.045752205391,1146249.25
395,45.0,-0.4546205046322181,-8133.833,-1222299.75,8133.378387307867,1222344.75
396,52.0,-0.40804309814647305,-5440.6953,-817554.9375,5440.287269401853,817606.9375
397,65.0,-0.3215422003872322,-22074.613,-3317424.25,22074.29173904961,3317489.25
398,69.0,-0.29492653953823506,-13469.877,-2024240.25,13469.582026585462,2024309.25
399,72.0,-0.27496479390148715,-24720.088,-3715006.0,24719.8129258311,3715078.0
400,90.0,-0.15519432008099984,-19363.146,-2909924.75,19362.99129005492,2910014.75
401,77.0,-0.24169521784024067,-26458.06,-3976201.5,26457.81885165716,3976278.5
402,69.0,-0.29492653953823506,-39973.918,-6007465.0,39973.62304221046,6007534.0
403,51.0,-0.41469701335872233,-27761.002,-4172017.25,27760.58725611164,4172068.25
404,35.0,-0.5211596567547111,-43260.316,-6501369.5,43259.79524659325,6501404.5
405,49.0,-0.4280048437832209,-52394.77,-7874163.5,52394.34152640621,7874212.5
406,40.0,-0.48789008069346457,-45947.164,-6905169.0,45946.676172419306,6905209.0
407,57.0,-0.3747735220852266,-49380.777,-7421198.0,49380.40257022792,7421255.0
408,53.0,-0.40138918293422376,-59902.695,-9002511.0,59902.29392331707,9002564.0
409,52.0,-0.40804309814647305,-32833.395,-4934334.0,32832.98648815185,4934386.0
410,51.0,-0.41469701335872233,-39287.727,-5904339.0,39287.31186548664,5904390.0
411,55.0,-0.38808135250972514,-45965.51,-6907926.5,45965.12363739749,6907981.5
412,32.0,-0.5411214023914589,-50581.938,-7601717.5,50581.39637859761,7601749.5
413,57.0,-0.3747735220852266,-54179.117,-8142328.5,54178.74241397792,8142385.5
414,65.0,-0.3215422003872322,-5499.395,-826376.8125,5499.073477330863,826441.8125
415,67.0,-0.3082343699627336,-5139.147,-772236.0625,5138.8387382862875,772303.0625
416,51.0,-0.41469701335872233,-2009.2538,-301852.34375,2008.8390871663287,301903.34375
417,59.0,-0.36146569166072795,-6680.3486,-1003859.3125,6679.987167120839,1003918.3125
418,54.0,-0.3947352677219744,-2040.4703,-306543.78125,2040.0756016463406,306597.78125
419,35.0,-0.5211596567547111,-6118.689,-919448.9375,6118.167805186995,919483.9375
420,38.0,-0.5011979111179632,-5359.89,-805410.9375,5359.388938807632,805448.9375
421,52.0,-0.40804309814647305,-988.6274,-148464.96875,988.2193372729473,148516.96875
422,33.0,-0.5344674871792097,857.26776,128949.9140625,-857.802228717648,-128916.9140625
423,25.0,-0.587698808877204,-133.25664,-19913.4765625,132.66893876436498,19938.4765625
424,51.0,-0.41469701335872233,398.15588,59951.16015625,-398.5705808024212,-59900.16015625
425,50.0,-0.4213509285709716,112.310165,16992.1328125,-112.73151633384441,-16942.1328125
426,52.0,-0.40804309814647305,137.6355,20798.212890625,-138.04354114502146,-20746.212890625
427,53.0,-0.40138918293422376,122.30542,18494.294921875,-122.70680910480922,-18441.294921875
428,35.0,-0.5211596567547111,105.81986,16016.72265625,-106.34102202247736,-15981.72265625
429,35.0,-0.5211596567547111,130.68396,19753.484375,-131.20511961769222,-19718.484375
430,20.0,-0.6209683849384505,46.705917,7132.63720703125,-47.32688574333689,-7112.63720703125
431,47.0,-0.4413126742077195,18.548906,2900.99169921875,-18.990219000501664,-2853.99169921875
432,43.0,-0.4679283350567167,-88.85212,-13240.03515625,88.38419111074407,13283.03515625
433,45.0,-0.4546205046322181,-305.16626,-45749.33984375,304.7116392609928,45794.33984375
434,41.0,-0.4812361654812153,7.768656,1280.855224609375,-8.249891942458754,-1239.855224609375
435,39.0,-0.49454399590571385,33.23425,5108.0146484375,-33.72879311089595,-5069.0146484375
436,39.0,-0.49454399590571385,-18.06775,-2602.03271484375,17.573206934880417,2641.03271484375
437,33.0,-0.5344674871792097,-38.14598,-5619.5390625,37.61151334778173,5652.5390625
438,43.0,-0.4679283350567167,-246.32927,-36906.875,245.86134107412298,36949.875
439,45.0,-0.4546205046322181,-468.0624,-70230.59375,467.6077879426334,70275.59375
440,48.0,-0.43465875899547024,-449.79227,-67484.8203125,449.35760808670767,67532.8203125
441,50.0,-0.4213509285709716,-176.03006,-26341.787109375,175.60870888588215,26391.787109375
442,44.0,-0.4612744198444674,-134.5477,-20107.5078125,134.0864245547649,20151.5078125
443,45.0,-0.4546205046322181,-520.33966,-78087.203125,519.885040139899,78132.203125
444,45.0,-0.4546205046322181,-168.6523,-25233.001953125,168.19767746900058,25278.001953125
445,49.0,-0.4280048437832209,65.68737,9985.3125,-66.1153751440762,-9936.3125
446,53.0,-0.40138918293422376,49.974033,7623.79443359375,-50.375422538647115,-7570.79443359375
447,58.0,-0.3681196068729773,65.377716,9938.775390625,-65.7458356713261,-9880.775390625
448,63.0,-0.3348500308117308,-107.703926,-16073.2255859375,107.36907605561404,16136.2255859375
449,59.0,-0.36146569166072795,-52.64194,-7798.10009765625,52.280475378895915,7857.10009765625
450,64.0,-0.32819611559948153,-103.536224,-15446.8720703125,103.20802824963489,15510.8720703125
451,69.0,-0.29492653953823506,38.092354,5838.126953125,-38.38728036033902,-5769.126953125
452,75.0,-0.25500304826473924,-44.51519,-6576.7509765625,44.26018707624698,6651.7509765625
453,82.0,-0.2084256417789942,-5.362942,-692.6591796875,5.154516577001523,774.6591796875
454,90.0,-0.15519432008099984,-89.69151,-13366.185546875,89.53631874144244,13456.185546875
455,98.0,-0.10196299838300549,-93.41906,-13926.388671875,93.31709675503497,14024.388671875
456,107.0,-0.04207776147276183,-80.67399,-12010.96484375,80.63191058081239,12117.96484375
457,113.0,-0.0021542701992660626,-114.92737,-17158.818359375,114.92521389386323,17271.818359375
458,108.0,-0.03542384626051254,-137.42221,-20539.51171875,137.38678684709888,20647.51171875
459,115.0,0.011153560225232527,-64.57612,-9591.65625,64.58727202946352,9706.65625
460,121.0,0.05107705149872829,-98.17038,-14640.453125,98.2214566901706,14761.453125
461,127.0,0.09100054277222407,-194.3489,-29094.87890625,194.43990801347536,29221.87890625
462,133.0,0.13092403404571984,-378.4701,-56765.984375,378.60101680748323,56898.984375
463,135.0,0.1442318644702184,-329.36758,-49386.4921875,329.51181609298584,49521.4921875
464,139.0,0.1708475253192156,-670.09753,-100593.9375,670.2683817050067,100732.9375
465,140.0,0.17750144053146488,-532.5016,-79914.9921875,532.679088354594,80054.9921875
466,142.0,0.19080927095596348,-863.37775,-129641.53125,863.5685558529872,129783.53125
467,144.0,0.20411710138046207,-705.682,-105941.8359375,705.886123937318,106085.8359375
468,147.0,0.22407884701720995,-1083.4575,-162716.75,1083.6815983782672,162863.75
469,146.0,0.21742493180496067,-877.3127,-131735.765625,877.5301080372737,131881.765625
470,140.0,0.17750144053146488,-1347.9691,-202469.53125,1348.146617651469,202609.53125
471,141.0,0.1841553557437142,-1203.2482,-180719.78125,1203.4323243010563,180860.78125
472,130.0,0.11096228840897195,-1601.477,-240568.59375,1601.588013069659,240698.59375
473,130.0,0.11096228840897195,-1774.7329,-266606.78125,1774.843872444659,266736.78125
474,129.0,0.10430837319672265,-1766.3088,-265340.75,1766.4131462638218,265469.75
475,133.0,0.13092403404571984,-1996.1251,-299879.25,1996.2560461043581,300012.25
476,131.0,0.11761620362122124,-2665.3896,-400461.34375,2665.5072646411213,400592.34375
477,128.0,0.09765445798447336,-2462.2344,-369929.625,2462.3320294579844,370057.625
478,127.0,0.09100054277222407,-2858.6821,-429510.75,2858.7731294490222,429637.75
479,125.0,0.07769271234772547,-3710.157,-557476.75,3710.234675134223,557601.75
480,125.0,0.07769271234772547,-4503.7744,-676747.5,4503.852106774848,676872.5
481,127.0,0.09100054277222407,-4439.488,-667086.0625,4439.578793511522,667213.0625
482,128.0,0.09765445798447336,-5547.5737,-833617.4375,5547.671384926734,833745.4375
483,125.0,0.07769271234772547,-6052.7363,-909537.0625,6052.814020837348,909662.0625
484,122.0,0.05773096671097759,-6961.0874,-1046050.8125,6961.145133310461,1046172.8125
485,123.0,0.06438488192322689,-7654.553,-1150270.0,7654.617607538174,1150393.0
486,120.0,0.044423136286479,-7142.6357,-1073335.25,7142.680165323786,1073455.25
487,116.0,0.01780747543748182,-9329.094,-1401932.375,9329.111557475437,1402048.375
488,118.0,0.03111530586198041,-10729.206,-1612351.75,10729.237169993363,1612469.75
489,115.0,0.011153560225232527,-10792.763,-1621903.5,10792.773848872725,1622018.5
490,119.0,0.037769221074229704,-12902.073,-1938906.5,12902.111011408575,1939025.5
491,116.0,0.01780747543748182,-13882.664,-2086277.0,13882.681869975437,2086393.0
492,116.0,0.01780747543748182,-15360.61,-2308393.75,15360.628159037937,2308509.75
493,115.0,0.011153560225232527,-15876.555,-2385933.75,15876.565841060225,2386048.75
494,115.0,0.011153560225232527,-17525.121,-2633692.75,17525.132247310226,2633807.75
495,113.0,-0.0021542701992660626,-17754.172,-2668116.25,17754.169720729802,2668229.25
496,110.0,-0.02211601583601395,-19860.398,-2984655.5,19860.376321484164,2984765.5
497,108.0,-0.03542384626051254,-20127.266,-3024762.5,20127.23020115374,3024870.5
498,112.0,-0.008808185411515358,-22069.83,-3316705.5,22069.821269939588,3316817.5
499,109.0,-0.028769931048263243,-23199.781,-3486523.0,23199.752480068953,3486632.0
500,106.0,-0.048731676685011126,-24756.47,-3720473.75,24756.421971448315,3720579.75
501,103.0,-0.06869342232175901,-26237.12,-3942996.75,26237.050447202677,3943099.75
502,107.0,-0.04207776147276183,-28137.617,-4228617.5,28137.575109738525,4228724.5
503,109.0,-0.028769931048263243,-29369.584,-4413766.5,29369.555214443953,4413875.5
504,107.0,-0.04207776147276183,-31268.602,-4699165.0,31268.559484738525,4699272.0
505,104.0,-0.062039507109509714,-32969.758,-4954827.5,32969.69577299289,4954931.5
506,102.0,-0.07534733753400831,-33365.87,-5014358.5,33365.79574641246,5014460.5
507,108.0,-0.03542384626051254,-35540.887,-5341236.0,35540.85129490374,5341344.0
508,105.0,-0.055385591897260424,-36369.883,-5465824.0,36369.8274269081,5465929.0
509,104.0,-0.062039507109509714,-38613.25,-5802974.0,38613.18796049289,5803078.0
510,102.0,-0.07534733753400831,-39350.773,-5913814.5,39350.69809016246,5913916.5
511,105.0,-0.055385591897260424,-41999.586,-6311897.5,41999.5305519081,6312002.5
512,100.0,-0.08865516795850689,-42229.96,-6346520.0,42229.87228233204,6346620.0
513,101.0,-0.0820012527462576,-41374.883,-6218012.5,41374.80081124725,6218113.5
514,97.0,-0.10861691359525477,-35257.523,-5298650.0,35257.414820586404,5298747.0
515,105.0,-0.055385591897260424,-45243.707,-6799448.5,45243.6516456581,6799553.5
516,103.0,-0.06869342232175901,-36225.652,-5444148.0,36225.58365032768,5444251.0
517,95.0,-0.12192474401975337,-44146.184,-6634504.5,44146.06166900598,6634599.5
518,97.0,-0.10861691359525477,-33932.68,-5099543.0,33932.571070586404,5099640.0
519,99.0,-0.09530908317075619,-55259.57,-8304707.0,55259.47500341683,8304806.0
520,91.0,-0.14854040486875056,-48088.543,-7226991.5,48088.394428345135,7227082.5
521,88.0,-0.16850215050549844,-33173.6,-4985463.0,33173.4330603495,4985551.0
522,89.0,-0.16184823529324913,-29529.773,-4437841.0,29529.611589264707,4437930.0
523,85.0,-0.18846389614224632,-20334.422,-3055895.25,20334.233411103858,3055980.25
524,92.0,-0.14188648965650125,-28794.926,-4327403.0,28794.783894760345,4327495.0
525,90.0,-0.15519432008099984,-15920.082,-2392475.5,15919.926836929919,2392565.5
526,87.0,-0.17515606571774772,-9498.189,-1427345.375,9498.014297059282,1427432.375
527,84.0,-0.1951178113544956,-19015.316,-2857650.25,19015.121288438644,2857734.25
528,91.0,-0.14854040486875056,-2300.1304,-345567.4375,2299.9818306888815,345658.4375
529,95.0,-0.12192474401975337,-9754.717,-1465898.25,9754.59487213098,1465993.25
530,90.0,-0.15519432008099984,-1994.4781,-299631.75,1994.3229550939816,299721.75
531,91.0,-0.14854040486875056,2447.879,367998.8125,-2448.0274466548685,-367907.8125
532,91.0,-0.14854040486875056,-17894.697,-2689235.25,17894.54872522013,2689326.25
533,96.0,-0.11527082880750407,1381.9203,207798.625,-1382.035558914745,-207702.625
534,98.0,-0.10196299838300549,2636.913,396408.28125,-2637.015048935883,-396310.28125
535,97.0,-0.10861691359525477,212.19225,32003.158203125,-212.3008623969937,-31906.158203125
536,92.0,-0.14188648965650125,344.07587,51823.61328125,-344.21775318887524,-51731.61328125
537,97.0,-0.10861691359525477,1501.8694,225825.46875,-1501.9780016792201,-225728.46875
538,102.0,-0.07534733753400831,704.7979,106035.609375,-704.8732599351903,-105933.609375
539,107.0,-0.04207776147276183,51.75834,7891.953125,-51.80041668969542,-7784.953125
540,117.0,0.024461390649731116,-816.64154,-122617.6640625,816.6660019179935,122734.6640625
541,123.0,0.06438488192322689,-2444.8594,-367318.40625,2444.923759881923,367441.40625
542,127.0,0.09100054277222407,-834.2229,-125259.921875,834.3139009333972,125386.921875
543,130.0,0.11096228840897195,-966.15546,-145087.71875,966.2664188313777,145217.71875
544,132.0,0.12427011883347054,-717.8099,-107764.5,717.9341456071147,107896.5
545,139.0,0.1708475253192156,-914.42096,-137312.671875,914.5918069979755,137451.671875
546,149.0,0.23738667744170855,-2489.705,-374058.15625,2489.942464802442,374207.15625
547,148.0,0.23073276222945927,-1268.5431,-190532.796875,1268.773823582542,190680.796875
548,154.0,0.270656253502955,-4201.646,-631341.375,4201.916652347253,631495.375
549,155.0,0.2773101687152043,-5596.1025,-840910.75,5596.379849231215,841065.75
550,159.0,0.3039258295642015,-4101.9097,-616352.25,4102.213593798314,616511.25
551,164.0,0.337195405625448,-5594.184,-840622.375,5594.521277436876,840786.375
552,168.0,0.36381106647444517,-3514.3748,-528053.125,3514.738566925849,528221.125
553,173.0,0.39708064253569164,-4729.0024,-710596.4375,4729.399522048786,710769.4375
554,182.0,0.45696587944593525,-4328.4565,-650399.4375,4328.913508848196,650581.4375
555,191.0,0.516851116356179,-5127.4897,-770484.125,5128.0065972101065,770675.125
556,197.0,0.5567746076296747,-3911.4702,-587731.625,3912.0269894513794,587928.625
557,199.0,0.5700824380541732,-5960.6245,-895693.8125,5961.194594156804,895892.8125
558,203.0,0.5966980989031705,-4590.4653,-689776.0625,4591.062030130153,689979.0625
559,209.0,0.6366215901766662,-5861.6562,-880820.125,5862.292871590176,881029.125
560,218.0,0.6965068270869099,-4155.8306,-624455.9375,4156.5270732333365,624673.9375
561,225.0,0.743084233572655,-896.6432,-134640.90625,897.3862727101351,134865.90625
562,229.0,0.7696998944216521,-2386.896,-358607.21875,2387.6656959881716,358836.21875
563,232.0,0.7896616400584,-2635.1274,-395913.3125,2635.9171030463085,396145.3125
564,235.0,0.8096233856951479,-1675.2728,-251659.171875,1676.0824505341327,251894.171875
565,237.0,0.8229312161196465,-1561.791,-234604.28125,1562.6139468411197,234841.28125
566,243.0,0.8628547073931423,-2815.4,-423006.0,2816.262757051143,423249.0
567,247.0,0.8894703682421394,-4238.8735,-636936.25,4239.763005524492,637183.25
568,252.0,0.9227399443033859,-5033.9893,-756432.125,5034.911997756803,756684.125
569,254.0,0.9360477747278845,-5355.2256,-804709.9375,5356.161633712228,804963.9375
570,254.0,0.9360477747278845,-7898.7793,-1186974.125,7899.715344649728,1187228.125
571,259.0,0.969317350789131,-5731.702,-861289.625,5732.671465788289,861548.625
572,261.0,0.9826251812136295,-2205.5254,-331349.5,2206.5080158062137,331610.5
573,269.0,1.035856502911624,-3040.2664,-456800.59375,3041.3022139247864,457069.59375
574,274.0,1.0691260789728705,-2403.4192,-361090.46875,2404.4883155320977,361364.46875
575,281.0,1.1157034854586154,2.378113,470.7243347167969,-1.2624095459287137,-189.72433471679688
576,282.0,1.1223574006708648,-339.7185,-50942.10546875,340.84086326004586,51224.10546875
577,282.0,1.1223574006708648,-534.73376,-80250.4609375,535.8561220491084,80532.4609375
578,279.0,1.102395655034117,-120.36225,-17975.61328125,121.4646469367724,18254.61328125
579,281.0,1.1157034854586154,-300.18192,-45000.25390625,301.2976187686617,45281.25390625
580,284.0,1.1356652310953634,-367.4244,-55105.95703125,368.5600731900797,55389.95703125
581,289.0,1.16893480715661,-340.4825,-51056.9296875,341.651448234891,51345.9296875
582,290.0,1.175588722368859,-362.86444,-54420.65234375,364.0400296403376,54710.65234375
583,288.0,1.1622808919443606,-286.13455,-42889.109375,287.2968328938975,43177.109375
584,285.0,1.1423191463076126,-292.90652,-43906.8515625,294.04884380451074,44191.8515625
585,286.0,1.148973061519862,-267.48914,-40086.9375,268.6381088037074,40372.9375
586,284.0,1.1356652310953634,-228.5696,-34237.8203125,229.70526056800944,34521.8203125
587,287.0,1.1556269767321112,-191.41624,-28654.13671875,192.57187148356806,28941.13671875
588,290.0,1.175588722368859,-131.75719,-19688.12890625,132.9327756120173,19978.12890625
589,292.0,1.1888965527933577,50.143036,7649.193359375,-48.954139335878516,-7357.193359375
590,291.0,1.1822426375811084,66.80208,10152.8388671875,-65.6198356094892,-9861.8388671875
591,289.0,1.16893480715661,13.100715,2082.197021484375,-11.931779876376105,-1793.197021484375
592,294.0,1.2022043832178564,-53.673683,-7953.15771484375,54.87588754972176,8247.15771484375
593,295.0,1.2088582984301055,95.58493,14478.541015625,-94.37607212149177,-14183.541015625
594,295.0,1.2088582984301055,-36.316032,-5344.5205078125,37.52489070809808,5639.5205078125
595,293.0,1.195550468005607,36.86007,5652.9296875,-35.66451880689674,-5359.9296875
596,295.0,1.2088582984301055,-18.659784,-2691.0078125,19.868642615446706,2986.0078125
597,292.0,1.1888965527933577,23.696783,3674.653076171875,-22.50788651300254,-3382.653076171875
598,287.0,1.1556269767321112,-48.497185,-7175.19482421875,49.65281173015008,7462.19482421875
599,285.0,1.1423191463076126,15.612436,2459.67724609375,-14.470117148248052,-2174.67724609375
600,287.0,1.1556269767321112,-73.08418,-10870.3115234375,74.23980971598992,11157.3115234375
601,284.0,1.1356652310953634,4.609917,806.136474609375,-3.4742519327535133,-522.136474609375
602,282.0,1.1223574006708648,-3.3303807,-387.1907043457031,4.452738078847744,669.1907043457031
603,276.0,1.082433909397369,70.78176,10750.935546875,-69.69932726003623,-10474.935546875
604,272.0,1.0558182485483718,41.635727,6370.6513671875,-40.57990868016257,-6098.6513671875
605,267.0,1.0225486724871253,108.723564,16453.111328125,-107.7010154754621,-16186.111328125
606,260.0,0.9759712660013803,51.571354,7863.8515625,-50.595382646352135,-7603.8515625
607,256.0,0.949355605152383,135.36714,20457.30859375,-134.41778611848042,-20201.30859375
608,245.0,0.8761625378176409,84.95486,12880.9736328125,-84.07869433474096,-12635.9736328125
609,236.0,0.8162773009073971,142.78545,21572.185546875,-141.9691688660848,-21336.185546875
610,224.0,0.7364303183604056,102.03452,15447.833984375,-101.2980926918935,-15223.833984375
611,214.0,0.6698911662379127,159.06828,24019.29296875,-158.39839191481678,-23805.29296875
612,202.0,0.5900441836909212,137.52753,20781.986328125,-136.93748267177781,-20579.986328125
613,198.0,0.563428522841924,192.18965,28997.01953125,-191.6262229664159,-28799.01953125
614,193.0,0.5301589467806775,161.58594,24397.6640625,-161.0557785532193,-24204.6640625
615,189.0,0.5035432859316803,213.83571,32250.150390625,-213.3321653322324,-32061.150390625
616,190.0,0.5101972011439296,169.58664,25600.0703125,-169.07644220315294,-25410.0703125
617,187.0,0.4902354555071817,204.26532,30811.83984375,-203.77508436871156,-30624.83984375
618,185.0,0.47692762508268316,145.60362,21995.72265625,-145.12669481144076,-21810.72265625
619,185.0,0.47692762508268316,181.76527,27430.365234375,-181.28834642276888,-27245.365234375
620,180.0,0.4436580490214367,111.02007,16798.25,-110.57641488799028,-16618.25
621,179.0,0.4370041338091874,171.31316,25859.54296875,-170.8761519941205,-25680.54296875
622,177.0,0.4236963033846888,91.40095,13849.740234375,-90.9772512674161,-13672.740234375
623,177.0,0.4236963033846888,180.46323,27234.68359375,-180.03953001497467,-27057.68359375
624,176.0,0.4170423881724395,83.45083,12654.9375,-83.03378616407366,-12478.9375
625,174.0,0.4037345577479409,204.7676,30887.326171875,-204.3638588260411,-30713.326171875
626,172.0,0.3904267273234423,81.9682,12432.1171875,-81.5777739562703,-12260.1171875
627,172.0,0.3904267273234423,217.03069,32730.314453125,-216.64025869748124,-32558.314453125
628,173.0,0.39708064253569164,82.68385,12539.6708984375,-82.28677250687836,-12366.6708984375
629,171.0,0.383772812111193,224.49576,33852.22265625,-224.11198524452942,-33681.22265625
630,170.0,0.37711889689894373,80.52922,12215.8564453125,-80.15210168415574,-12045.8564453125
631,168.0,0.36381106647444517,233.38795,35188.60546875,-233.0241436454396,-35020.60546875
632,167.0,0.3571571512621958,80.204636,12167.0751953125,-79.84747846885499,-12000.0751953125
633,167.0,0.3571571512621958,274.5457,41374.09765625,-274.18852766319094,-41207.09765625
634,162.0,0.32388757520094935,84.310814,12784.1826171875,-83.98692632860764,-12622.1826171875
635,162.0,0.32388757520094935,294.4774,44369.58203125,-294.1534988994084,-44207.58203125
636,157.0,0.29061799913970293,78.26198,11875.1181640625,-77.97136015027436,-11718.1181640625
637,157.0,0.29061799913970293,295.2481,44485.4140625,-294.9574899110165,-44328.4140625
638,155.0,0.2773101687152043,30.320805,4670.16064453125,-30.043494427232062,-4515.16064453125
639,152.0,0.25734842307845646,408.12726,61449.734375,-407.8699098777028,-61297.734375
640,152.0,0.25734842307845646,-13.861972,-1969.956787109375,14.11932027824203,2121.956787109375
641,152.0,0.25734842307845646,666.48553,100277.7421875,-666.2281862448903,-100125.7421875
642,145.0,0.21077101659271136,67.270836,10223.287109375,-67.06006485987213,-10078.287109375
643,140.0,0.17750144053146488,633.2267,95279.3515625,-633.049183129781,-95139.3515625
644,120.0,0.044423136286479,39.631138,6069.38671875,-39.586714711613915,-5949.38671875
645,119.0,0.037769221074229704,624.24805,93929.9765625,-624.2102776539258,-93810.9765625
646,105.0,-0.055385591897260424,-34.398003,-5056.2646484375,34.342617032614456,5161.2646484375
647,99.0,-0.09530908317075619,797.88214,120025.0,-797.977450196452,-119926.0
648,77.0,-0.24169521784024067,-17.588345,-2529.98388671875,17.346649356134368,2606.98388671875
649,78.0,-0.2350413026279914,918.9735,138223.515625,-919.2085520448155,-138145.515625
650,78.0,-0.2350413026279914,74.50717,11310.8173828125,-74.74221293348737,-11232.8173828125
651,75.0,-0.25500304826473924,713.9017,107403.7890625,-714.156675411546,-107328.7890625
652,76.0,-0.24834913305248996,-51.49945,-7626.39794921875,51.25110155054126,7702.39794921875
653,80.0,-0.2217334722034928,942.0772,141695.71875,-942.2989429448597,-141615.71875
654,75.0,-0.25500304826473924,58.350662,8882.697265625,-58.60566527971005,-8807.697265625
655,79.0,-0.22838738741574208,751.5019,113054.6328125,-751.7302794772595,-112975.6328125
656,86.0,-0.181809980929997,-59.92068,-8892.0029296875,59.73887101882586,8978.0029296875
657,96.0,-0.11527082880750407,1005.79297,151271.40625,-1005.9082395788075,-151175.40625
658,111.0,-0.015462100623764652,58.479305,8902.0302734375,-58.49476736795775,-8791.0302734375
659,125.0,0.07769271234772547,824.5122,124027.1640625,-824.4345143189023,-123902.1640625
660,135.0,0.1442318644702184,-26.796103,-3913.79443359375,26.94033438827393,4048.79443359375
661,140.0,0.17750144053146488,984.8524,148124.296875,-984.674915551656,-147984.296875
662,139.0,0.1708475253192156,16.745113,2629.904296875,-16.57426584748352,-2490.904296875
663,144.0,0.20411710138046207,1012.12555,152223.109375,-1011.9214322150258,-152079.109375
664,146.0,0.21742493180496067,85.11457,12904.9765625,-84.89714568587083,-12758.9765625
665,152.0,0.25734842307845646,764.8963,115067.640625,-764.6389528464528,-114915.640625
666,159.0,0.3039258295642015,-101.87981,-15197.93359375,102.1837323481189,15356.93359375
667,170.0,0.37711889689894373,929.2804,139772.515625,-928.9032766109135,-139602.515625
668,181.0,0.45031196423368597,-85.98893,-12809.7333984375,86.43924171276885,12990.7333984375
669,193.0,0.5301589467806775,1128.561,169721.90625,-1128.0308762094694,-169528.90625
670,201.0,0.5833902684786719,21.939505,3410.55615234375,-21.356114354934412,-3209.55615234375
671,212.0,0.6565833358134141,1084.2417,163061.265625,-1083.5851158829366,-162849.265625
672,225.0,0.743084233572655,12.360151,1970.8995361328125,-11.6170670573209,-1745.8995361328125
673,237.0,0.8229312161196465,1041.9572,156706.421875,-1041.1342221041928,-156469.421875
674,249.0,0.902778198666638,-91.32387,-13611.5078125,92.2266459965182,13860.5078125
675,257.0,0.9560095203646324,1151.7522,173207.234375,-1150.7961877452603,-172950.234375
676,283.0,1.129011315883114,-100.58628,-15003.5322265625,101.71529213863703,15286.5322265625
677,295.0,1.2088582984301055,1169.4393,175865.390625,-1168.2304727562573,-175570.390625
678,320.0,1.3752061787363379,-143.37495,-21434.1328125,144.75016040236915,21754.1328125
679,369.0,1.7012480241365533,1160.8423,174573.359375,-1159.1410371321135,-174204.359375
680,419.0,2.033943784749018,-237.311,-35551.54296875,239.3449484234209,35970.54296875
681,454.0,2.2668308171777434,1090.9811,164074.109375,-1088.7142482843847,-163620.109375
682,507.0,2.619488323426956,-292.2654,-43810.50390625,294.88489970038006,44317.50390625
683,537.0,2.8191057797944348,963.5972,144929.90625,-960.7781232241118,-144392.90625
684,587.0,3.1518015404068995,-265.94263,-39854.51953125,269.0944284935319,40441.51953125
685,649.0,3.564344283566356,947.6566,142534.234375,-944.0922719273711,-141885.234375
686,703.0,3.923655705027818,-272.93756,-40905.76953125,276.8612167401841,41608.76953125
687,760.0,4.302928872126028,977.57465,147030.53125,-973.2717171239677,-146270.53125
688,811.0,4.642278547950742,-16.268936,-2331.693359375,20.911214705177304,3142.693359375
689,862.0,4.981628223775456,22.722252,3528.193359375,-17.740623668314388,-2666.193359375
690,880.0,5.101398697595943,71.72638,10892.8994140625,-66.62498069693531,-10012.8994140625
691,925.0,5.400824882147162,1.7982293,383.5750732421875,3.602595545408575,541.4249267578125
692,952.0,5.580480592877892,51.82648,7902.19384765625,-46.246000272600625,-6950.19384765625
693,997.0,5.8799067774291105,-3.4299443,-402.1538391113281,9.309851054238802,1399.1538391113281
694,1042.0,6.179332961980329,47.1679,7202.06787109375,-40.98856712346889,-6160.06787109375
695,998.0,5.88656069264136,41.01985,6278.09326171875,-35.13329099192895,-5280.09326171875
696,971.0,5.706904981910629,39.60817,6065.93505859375,-33.90126457375344,-5094.93505859375
697,969.0,5.69359715148613,233.19658,35159.84765625,-227.50298182800606,-34190.84765625
698,937.0,5.480671864694153,-151.83627,-22705.763671875,157.31694505805353,23642.763671875
699,932.0,5.447402288632906,263.1,39653.95703125,-257.6526038148827,-38721.95703125
700,925.0,5.400824882147162,-99.2615,-14804.4345703125,104.66232237970576,15729.4345703125
701,917.0,5.347593560449167,193.68178,29221.267578125,-188.3341843936524,-28304.267578125
702,920.0,5.367555306085915,-137.13916,-20496.97265625,142.5067154623359,21416.97265625
703,925.0,5.400824882147162,124.77822,18865.92578125,-119.37739624822393,-17940.92578125
704,917.0,5.347593560449167,-33.164722,-4870.91796875,38.51231600307612,5787.91796875
705,887.0,5.147976104081688,176.55803,26647.78125,-171.410053070723,-25760.78125
706,849.0,4.8951273260162145,0.8284255,237.8257293701172,4.066701799397257,611.1742706298828
707,790.0,4.502546328493507,195.04167,29425.642578125,-190.53912542443618,-28635.642578125
708,751.0,4.243043635215784,139.618,21096.158203125,-135.37495258060454,-20345.158203125
709,706.0,3.943617450664566,364.82883,54942.5234375,-360.8852094536323,-54236.5234375
710,634.0,3.4645355553826165,225.3466,33980.09375,-221.88206783817208,-33346.09375
711,451.0,2.2468690715409956,405.60217,61070.24609375,-403.35530378002153,-60619.24609375
712,233.0,0.7963155552706493,281.12393,42362.7265625,-280.32761632949496,-42129.7265625
713,424.0,2.0672133608102645,359.0283,54070.7734375,-356.9610764341116,-53646.7734375
714,359.0,1.6347088720140603,203.08499,30634.451171875,-201.45028258306405,-30275.451171875
715,291.0,1.1822426375811084,300.6067,45290.73828125,-299.4244468155439,-44999.73828125
716,170.0,0.37711889689894373,137.68082,20805.025390625,-137.3036977534917,-20635.025390625
717,102.0,-0.07534733753400831,278.22034,41926.3515625,-278.2956842515965,-41824.3515625
718,250.0,0.9094321138788873,63.6352,9676.896484375,-62.725768386609396,-9426.896484375
719,248.0,0.8961242834543888,297.26624,44788.7109375,-296.3701110681081,-44540.7109375
720,246.0,0.8828164530298901,160.01093,24160.958984375,-159.12810883993885,-23914.958984375
721,244.0,0.8695086226053915,288.29617,43440.625,-287.42666447309773,-43196.625
722,237.0,0.8229312161196465,149.94133,22647.625,-149.11839873993503,-22410.625
723,203.0,0.5966980989031705,272.1837,41019.1171875,-271.5869872038312,-40816.1171875
724,157.0,0.29061799913970293,166.93144,25201.02734375,-166.6408242616025,-25044.02734375
725,226.0,0.7497381487849042,315.7834,47571.60546875,-315.03364808168385,-47345.60546875
726,224.0,0.7364303183604056,237.86636,35861.65625,-237.1299332070302,-35637.65625
727,199.0,0.5700824380541732,387.20395,58305.22265625,-386.6338665365552,-58106.22265625
728,195.0,0.5434667772051761,282.02106,42497.55078125,-281.47759035170105,-42302.55078125
729,150.0,0.24404059265395783,552.31433,83119.2421875,-552.0702904620335,-82969.2421875
730,105.0,-0.055385591897260424,485.1428,73024.1953125,-485.19817733994415,-72919.1953125
731,28.0,-0.5677370632404561,663.756,99867.5234375,-664.3237185085529,-99839.5234375
732,150.0,0.24404059265395783,670.2396,100841.9296875,-669.9955834307835,-100691.9296875
733,145.0,0.21077101659271136,737.1788,110902.046875,-736.9680009560635,-110757.046875
734,111.0,-0.015462100623764652,675.5431,101638.9765625,-675.5585529209362,-101527.9765625
735,106.0,-0.048731676685011126,573.6705,86328.796875,-573.7192028680913,-86222.796875
736,92.0,-0.14188648965650125,546.5783,82257.1875,-546.7201945951252,-82165.1875
737,83.0,-0.2017717265667449,623.41705,93805.0859375,-623.618824949223,-93722.0859375
738,79.0,-0.22838738741574208,426.68347,64238.5,-426.91185906710325,-64159.5
739,98.0,-0.10196299838300549,610.4011,91848.953125,-610.503086045258,-91750.953125
740,101.0,-0.0820012527462576,222.62117,33570.49609375,-222.70317129669158,-33469.49609375
741,95.0,-0.12192474401975337,575.58203,86616.078125,-575.7039559940198,-86521.078125
742,91.0,-0.14854040486875056,206.1352,31092.859375,-206.2837332759625,-31001.859375
743,90.0,-0.15519432008099984,65.29815,9926.8173828125,-65.45334342896771,-9836.8173828125
744,86.0,-0.181809980929997,-20.262121,-2931.819091796875,20.080311219631525,3017.819091796875
745,88.0,-0.16850215050549844,-54.593338,-8091.37060546875,54.424835862189816,8179.37060546875
746,89.0,-0.16184823529324913,42.16638,6450.40234375,-42.32823007123075,-6361.40234375
747,92.0,-0.14188648965650125,-93.92294,-14002.1162109375,93.78105662557788,14094.1162109375
748,85.0,-0.18846389614224632,-59.454567,-8821.951171875,59.26610305942416,8906.951171875
749,81.0,-0.21507955699124348,-10.561941,-1474.0035400390625,10.346861589859342,1555.0035400390625
750,90.0,-0.15519432008099984,-46.988506,-6948.45947265625,46.83331199705767,7038.45947265625
751,91.0,-0.14854040486875056,-21.069202,-3053.11328125,20.920662018226952,3144.11328125
752,86.0,-0.181809980929997,-55.91126,-8289.4365234375,55.72944871657977,8375.4365234375
753,85.0,-0.18846389614224632,-47.452076,-7018.12841796875,47.26361206210971,7103.12841796875
754,71.0,-0.28161870911373643,-73.03271,-10862.576171875,72.75108850524174,10933.576171875
755,62.0,-0.3415039460239801,-67.2708,-9996.6328125,66.92929378346821,10058.6328125
756,56.0,-0.38142743729747586,-88.96845,-13257.5185546875,88.5870250163158,13313.5185546875
757,55.0,-0.38808135250972514,-85.83828,-12787.0927734375,85.45019837161136,12842.0927734375
758,53.0,-0.40138918293422376,-108.072914,-16128.6796875,107.67152494060093,16181.6796875
759,52.0,-0.40804309814647305,28.202965,4351.87548828125,-28.611007880861315,-4299.87548828125
760,62.0,-0.3415039460239801,-102.528305,-15295.39453125,102.18680110768696,15357.39453125
761,59.0,-0.36146569166072795,57.073284,8690.7236328125,-57.43474984083065,-8631.7236328125
762,58.0,-0.3681196068729773,-114.21167,-17051.2578125,113.84355031500202,17109.2578125
763,60.0,-0.35481177644847867,41.285793,6318.060546875,-41.64060508089184,-6258.060546875
764,55.0,-0.38808135250972514,-143.66183,-21477.248046875,143.27375336428716,21532.248046875
765,46.0,-0.4479665894199688,-72.54169,-10788.78125,72.09372042229879,10834.78125
766,39.0,-0.49454399590571385,-206.88774,-30979.30859375,206.3931970929615,31018.30859375
767,33.0,-0.5344674871792097,-214.04369,-32054.7578125,213.50921842590674,32087.7578125
768,29.0,-0.5610831480282068,-272.64673,-40862.05859375,272.0856453675968,40891.05859375
769,38.0,-0.5011979111179632,-284.25656,-42606.87109375,283.7553633681789,42644.87109375
770,40.0,-0.48789008069346457,-349.33282,-52387.01953125,348.84493462633776,52427.01953125
771,37.0,-0.5078518263302124,-353.78204,-53055.6796875,353.274191630701,53092.6796875
772,34.0,-0.5278135719669603,-407.8484,-61181.17578125,407.320575099908,61215.17578125
773,35.0,-0.5211596567547111,-420.54016,-63088.58984375,420.0190014760578,63123.58984375
774,34.0,-0.5278135719669603,-462.38052,-69376.671875,461.85271010967364,69410.671875
775,36.0,-0.5145057415424618,-478.52277,-71802.6484375,478.0082603717388,71838.6484375
776,38.0,-0.5011979111179632,-511.99658,-76833.34375,511.49538412013203,76871.34375
777,38.0,-0.5011979111179632,-532.8571,-79968.421875,532.3559187881008,80006.421875
778,41.0,-0.4812361654812153,-564.5315,-84728.6875,564.0502579751438,84769.6875
779,43.0,-0.4679283350567167,-594.21423,-89189.625,593.7463050633808,89232.625
780,42.0,-0.474582250268966,-625.97125,-93962.3125,625.4966701911372,94004.3125
781,45.0,-0.4546205046322181,-665.7805,-99945.140625,665.3258970734928,99990.140625
782,45.0,-0.4546205046322181,-685.56226,-102918.09375,685.1076353547428,102963.09375
783,36.0,-0.5145057415424618,-724.2855,-108737.7109375,723.771016719395,108773.7109375
784,24.0,-0.5943527240894533,-727.64624,-109242.78125,727.0518875102855,109266.78125
785,38.0,-0.5011979111179632,-750.6843,-112705.1171875,750.183128260757,112743.1171875
786,35.0,-0.5211596567547111,-753.2974,-113097.8359375,752.7762646596516,113132.8359375
787,30.0,-0.5544292328159576,-769.56464,-115542.59375,769.0102069976527,115572.59375
788,35.0,-0.5211596567547111,-760.3446,-114156.9375,759.8234448354328,114191.9375
789,29.0,-0.5610831480282068,-813.7326,-122180.484375,813.1715218324406,122209.484375
790,32.0,-0.5411214023914589,-730.81604,-109719.1640625,730.274918636671,109751.1640625
791,36.0,-0.5145057415424618,-835.3551,-125430.078125,834.84059679752,125466.078125
792,39.0,-0.49454399590571385,-746.3222,-112049.546875,745.827660593938,112088.546875
793,35.0,-0.5211596567547111,-852.53,-128011.25,852.0088696401203,128046.25
794,28.0,-0.5677370632404561,-587.81134,-88227.3515625,587.2436032687908,88255.3515625
795,35.0,-0.5211596567547111,-1224.5342,-183918.796875,1224.0130200307453,183953.796875
796,25.0,-0.587698808877204,-1179.5383,-177156.484375,1178.9506312692479,177181.484375
797,29.0,-0.5610831480282068,-1308.2336,-196497.78125,1307.6725594300967,196526.78125
798,27.0,-0.5743909784527054,-755.22577,-113387.640625,754.651378064516,113414.640625
799,26.0,-0.5810448936649547,-700.93994,-105229.1640625,700.358896512585,105255.1640625
800,10.0,-0.6875075370609434,-853.1601,-128105.9453125,852.4725876777828,128115.9453125
801,7.0,-0.7074692826976913,-1453.4308,-218319.09375,1452.7233168501148,218326.09375
802,24.0,-0.5943527240894533,-1080.9352,-162337.671875,1080.340827939973,162361.671875
803,27.0,-0.5743909784527054,-1773.7688,-266461.90625,1773.1944078496722,266488.90625
804,23.0,-0.6010066393017026,-1870.8811,-281056.65625,1870.2800968763233,281079.65625
805,20.0,-0.6209683849384505,-1869.8795,-280906.125,1869.2585482166241,280926.125
806,19.0,-0.6276223001506998,-2047.9491,-307667.75,2047.3214743795368,307686.75
807,17.0,-0.6409301305751983,-2192.0288,-329321.125,2191.3878784631747,329338.125
808,15.0,-0.6542379609996969,-1998.6437,-300257.78125,1997.9894387968127,300272.78125
809,14.0,-0.6608918762119462,-2380.2085,-357602.1875,2379.5476042175383,357616.1875
810,24.0,-0.5943527240894533,-2643.4731,-397167.5625,2642.8787918071607,397191.5625
811,22.0,-0.6076605545139518,-2881.8928,-432999.03125,2881.285161711111,433021.03125
812,19.0,-0.6276223001506998,-2418.92,-363420.03125,2418.2922995748495,363439.03125
813,17.0,-0.6409301305751983,-3252.706,-488727.625,3252.0651245569247,488744.625
814,14.0,-0.6608918762119462,-3608.8362,-542249.5,3608.1752897644133,542263.5
815,13.0,-0.6675457914241956,-3975.0715,-597290.0625,3974.4039874117007,597303.0625
816,17.0,-0.6409301305751983,-4391.1133,-659815.9375,4390.472351119425,659832.9375
817,20.0,-0.6209683849384505,-4844.5464,-727961.25,4843.925418333812,727981.25
818,19.0,-0.6276223001506998,-5053.953,-759432.4375,5053.3255026998495,759451.4375
819,20.0,-0.6209683849384505,-5755.4946,-864865.375,5754.873660521312,864885.375
820,20.0,-0.6209683849384505,-5975.192,-897883.125,5974.570926146312,897903.125
821,19.0,-0.6276223001506998,-6530.3105,-981310.5,6529.6829245748495,981329.5
822,17.0,-0.6409301305751983,-7279.14,-1093850.125,7278.499206588175,1093867.125
823,19.0,-0.6276223001506998,-7336.78,-1102512.625,7336.1521628560995,1102531.625
824,18.0,-0.6342762153629491,-7724.718,-1160814.875,7724.083497222137,1160832.875
825,19.0,-0.6276223001506998,-7823.577,-1175672.125,7822.9495261373495,1175691.125
826,19.0,-0.6276223001506998,-8190.3467,-1230793.0,8189.7190573873495,1230812.0
827,21.0,-0.6143144697262012,-8519.31,-1280232.0,8518.695255842773,1280253.0
828,20.0,-0.6209683849384505,-9011.467,-1354197.125,9010.84582849006,1354217.125
829,19.0,-0.6276223001506998,-9471.177,-1423285.75,9470.549135512349,1423304.75
830,17.0,-0.6409301305751983,-9845.761,-1479581.0,9845.119812056924,1479598.0
831,20.0,-0.6209683849384505,-10734.365,-1613127.125,10733.74426599006,1613147.125
832,22.0,-0.6076605545139518,-11390.715,-1711768.25,11390.107183195487,1711790.25
833,40.0,-0.48789008069346457,-12146.048,-1825285.25,12145.559961481806,1825325.25
834,16.0,-0.6475840457874477,-13320.705,-2001821.5,13320.057494079212,2001837.5
835,15.0,-0.6542379609996969,-13975.219,-2100187.0,13974.564512039,2100202.0
836,19.0,-0.6276223001506998,-15354.147,-2307422.5,15353.519838637349,2307441.5
837,20.0,-0.6209683849384505,-15992.447,-2403351.0,15991.82629724006,2403371.0
838,20.0,-0.6209683849384505,-17205.723,-2585691.0,17205.101687865063,2585711.0
839,22.0,-0.6076605545139518,-17882.951,-2687470.0,17882.343511320487,2687492.0
840,21.0,-0.6143144697262012,-18949.9,-2847819.25,18949.286076155273,2847840.25
841,17.0,-0.6409301305751983,-19940.291,-2996662.5,19939.650085494424,2996679.5
842,15.0,-0.6542379609996969,-21106.02,-3171856.75,21105.365293289,3171871.75
843,18.0,-0.6342762153629491,-22084.635,-3318930.5,22084.00048940964,3318948.5
844,21.0,-0.6143144697262012,-23481.096,-3528801.0,23480.481388655273,3528822.0
845,22.0,-0.6076605545139518,-24310.186,-3653402.75,24309.577886320487,3653424.75
846,26.0,-0.5810448936649547,-25515.076,-3834482.75,25514.495126981335,3834508.75
847,30.0,-0.5544292328159576,-26955.172,-4050911.0,26954.617445767184,4050941.0
848,30.0,-0.5544292328159576,-10252.537,-1540714.375,10251.982680142184,1540744.375
849,29.0,-0.5610831480282068,-12075.473,-1814678.75,12074.911573101972,1814707.75
850,35.0,-0.5211596567547111,-10288.315,-1546091.375,10287.794270030745,1546126.375
851,39.0,-0.49454399590571385,-11916.427,-1790776.125,11915.932213816594,1790815.125
852,40.0,-0.48789008069346457,-10949.884,-1645516.875,10949.395898981806,1645556.875
853,48.0,-0.43465875899547024,-11435.007,-1718424.75,11434.572177178505,1718472.75
854,47.0,-0.4413126742077195,-12381.891,-1860729.5,12381.449312325793,1860776.5
855,37.0,-0.5078518263302124,-3210.271,-482350.15625,3209.7631442674196,482387.15625
856,30.0,-0.5544292328159576,-2430.6045,-365176.0625,2430.050062954684,365206.0625
857,38.0,-0.5011979111179632,-3744.9783,-562709.9375,3744.4770735732573,562747.9375
858,47.0,-0.4413126742077195,-2581.3096,-387825.15625,2580.868257638292,387872.15625
859,55.0,-0.38808135250972514,-657.2153,-98657.890625,656.827189643584,98712.890625
860,57.0,-0.3747735220852266,-458.78198,-68835.859375,458.4072088997898,68892.859375
861,66.0,-0.3148882851749829,-778.08405,-116822.953125,777.7691571249812,116888.953125
862,72.0,-0.27496479390148715,-242.64888,-36353.7578125,242.37391521098132,36425.7578125
863,70.0,-0.2882726243259857,-171.47574,-25657.328125,171.18746590106463,25727.328125
864,71.0,-0.28161870911373643,-165.28616,-24727.11328125,165.0045446209644,24798.11328125
865,77.0,-0.24169521784024067,31.746876,4884.48095703125,-31.988570980779695,-4807.48095703125
866,78.0,-0.2350413026279914,-208.08998,-31159.990234375,207.85493977647357,31237.990234375
867,93.0,-0.13523257444425196,-36.55384,-5380.26025390625,36.41860806276278,5473.26025390625
868,88.0,-0.16850215050549844,-188.32878,-28190.130859375,188.16027897742418,28278.130859375
869,95.0,-0.12192474401975337,-228.1473,-34174.3515625,228.02536834680055,34269.3515625
870,104.0,-0.062039507109509714,-197.75401,-29606.625,197.69197355441392,29710.625
871,110.0,-0.02211601583601395,-198.2688,-29683.990234375,198.24668281228898,29793.990234375
872,127.0,0.09100054277222407,-179.26524,-26827.994140625,179.35624407304567,26954.994140625
873,146.0,0.21742493180496067,-214.62975,-32142.8359375,214.8471704152034,32288.8359375
874,168.0,0.36381106647444517,-281.8248,-42241.41015625,282.18860965045883,42409.41015625
875,170.0,0.37711889689894373,-135.99031,-20324.314453125,136.36742956584425,20494.314453125
876,175.0,0.4103884729601902,-352.4634,-52857.5078125,352.8737978967883,53032.5078125
877,184.0,0.4702737098704339,-243.47466,-36477.86328125,243.94492886123763,36661.86328125
878,189.0,0.5035432859316803,-279.25836,-41855.70703125,279.76190510233795,42044.70703125
879,193.0,0.5301589467806775,-398.24768,-59738.30859375,398.77783961084316,59931.30859375
880,199.0,0.5700824380541732,-339.88095,-50966.51953125,340.45103336578853,51165.51953125
881,198.0,0.563428522841924,-385.45325,-57815.46484375,386.01667559315445,58013.46484375
882,195.0,0.5434667772051761,-428.3156,-64257.140625,428.85907957017395,64452.140625
883,180.0,0.4436580490214367,-315.84793,-47354.66015625,316.2915889572246,47534.66015625
884,63.0,-0.3348500308117308,-523.9154,-78624.59375,523.5805552426258,78687.59375
885,184.0,0.4702737098704339,-320.92413,-48117.546875,321.39440701065166,48301.546875
886,197.0,0.5567746076296747,-449.87024,-67496.5390625,450.4270138654422,67693.5390625
887,211.0,0.6499294206011648,-307.23932,-46060.89453125,307.8892482682574,46271.89453125
888,232.0,0.7896616400584,-378.9305,-56835.1796875,379.7201731146678,57067.1796875
889,249.0,0.902778198666638,-367.37442,-55098.4453125,368.27719836468225,55347.4453125
890,241.0,0.8495468769686436,-428.73618,-64320.34765625,429.585722414078,64561.34765625
891,252.0,0.9227399443033859,-389.50635,-58424.59375,390.4290876005534,58676.59375
892,259.0,0.969317350789131,-492.72705,-73937.375,493.69636813203914,74196.375
893,250.0,0.9094321138788873,-378.70795,-56801.73046875,379.61737889122264,57051.73046875
894,225.0,0.743084233572655,-507.79654,-76202.1328125,508.53962354021326,76427.1328125
895,227.0,0.7563920639971535,-429.84998,-64487.73828125,430.60636764993467,64714.73828125
896,234.0,0.8029694704828986,-479.27356,-71915.484375,480.0765290407954,72149.484375
897,243.0,0.8628547073931423,-481.6232,-72268.609375,482.48605417028375,72511.609375
898,256.0,0.949355605152383,-546.9624,-82088.2734375,547.9117579489024,82344.2734375
899,258.0,0.9626634355768817,-499.67154,-74981.046875,500.6342027422175,75239.046875
900,264.0,1.0025869268503775,-565.62476,-84892.984375,566.6273427862254,85156.984375
901,267.0,1.0225486724871253,-533.6302,-80084.6015625,534.6527366607684,80351.6015625
902,273.0,1.0624721637606211,-576.75244,-86565.3359375,577.8149135700106,86838.3359375
903,291.0,1.1822426375811084,-541.17957,-81219.1796875,542.3618080672686,81510.1796875
904,298.0,1.2288200440668535,-523.04816,-78494.2578125,524.2769767823481,78792.2578125
905,305.0,1.2753974505525985,-487.4285,-73141.0703125,488.7038947650057,73446.0703125
906,309.0,1.3020131114015956,-516.18396,-77462.65625,517.4859730723391,77771.65625
907,330.0,1.4417453308588308,-461.7889,-69287.765625,463.2306552429682,69617.765625
908,336.0,1.4816688221323266,-516.82166,-77558.4921875,518.3033240955698,77894.4921875
909,339.0,1.5016305677690744,-420.2462,-63044.40625,421.7478158705035,63383.40625
910,325.0,1.4084757547975844,-502.4616,-75400.359375,503.8700846415163,75725.359375
911,206.0,0.6166598445399183,-409.05206,-61362.0703125,409.6687228328212,61568.0703125
912,158.0,0.2972719143519522,-508.23312,-76267.7421875,508.5303956936488,76425.7421875
913,249.0,0.902778198666638,-428.69434,-64314.05859375,429.5971141361666,64563.05859375
914,174.0,0.4037345577479409,-513.2101,-77015.71875,513.6138175655605,77189.71875
915,170.0,0.37711889689894373,-371.74484,-55755.265625,372.1219614261958,55925.265625
916,168.0,0.36381106647444517,-515.9639,-77429.5859375,516.3277392891307,77597.5859375
917,148.0,0.23073276222945927,-329.16714,-49356.37109375,329.3978775376201,49504.37109375
918,61.0,-0.3481578612362294,-480.81155,-72146.625,480.4633960938419,72207.625
919,42.0,-0.474582250268966,-614.3641,-92217.8984375,613.8894924567622,92259.8984375
920,85.0,-0.18846389614224632,-577.2804,-86644.6875,577.0919316116702,86729.6875
921,94.0,-0.12857865923200265,-477.8973,-71708.65625,477.76872969037737,71802.65625
922,107.0,-0.04207776147276183,-532.4469,-79906.7734375,532.4048216525897,80013.7734375
923,101.0,-0.0820012527462576,-533.3818,-80047.2734375,533.2997736495975,80148.2734375
924,97.0,-0.10861691359525477,-524.94354,-78779.109375,524.8349255668735,78876.109375
925,91.0,-0.14854040486875056,-524.9473,-78779.6796875,524.7987862552875,78870.6796875
926,81.0,-0.21507955699124348,-527.0428,-79094.6015625,526.82770608754,79175.6015625
927,88.0,-0.16850215050549844,-462.7813,-69436.90625,462.61280888465075,69524.90625
928,82.0,-0.2084256417789942,41.202293,6305.51171875,-41.41071903777509,-6223.51171875
929,74.0,-0.2616569634769886,-304.69974,-45679.2265625,304.43808058535114,45753.2265625
930,65.0,-0.3215422003872322,-8.872034,-1220.03173828125,8.550491872488744,1285.03173828125
931,48.0,-0.43465875899547024,-452.5723,-67902.6171875,452.13763738358267,67950.6171875
932,25.0,-0.587698808877204,136.27693,20594.0390625,-136.86463057157252,-20569.0390625
933,10.0,-0.6875075370609434,40.691113,6228.6875,-41.37862005537149,-6218.6875
934,41.0,-0.4812361654812153,71.17422,10809.9169921875,-71.65545338960231,-10768.9169921875
935,43.0,-0.4679283350567167,138.90443,20988.91796875,-139.37236253915827,-20945.91796875
936,38.0,-0.5011979111179632,63.198727,9611.30078125,-63.6999245651707,-9573.30078125
937,42.0,-0.474582250268966,61.22061,9314.0146484375,-61.69519382253459,-9272.0146484375
938,39.0,-0.49454399590571385,-13.863831,-1970.236083984375,13.369286570500536,2009.236083984375
939,37.0,-0.5078518263302124,49.422573,7540.91650390625,-49.93042491592982,-7503.91650390625
940,35.0,-0.5211596567547111,9.099788,1480.90771484375,-9.62094736885188,-1445.90771484375
941,39.0,-0.49454399590571385,74.00299,11235.0458984375,-74.49753471856197,-11196.0458984375
942,37.0,-0.5078518263302124,7.8691893,1295.9642333984375,-8.377041088720349,-1258.9642333984375
943,28.0,-0.5677370632404561,43.19503,6604.9951171875,-43.7627672756428,-6576.9951171875
944,29.0,-0.5610831480282068,-0.74943656,0.692840576171875,0.18835340926473143,28.307159423828125
945,25.0,-0.587698808877204,202.23569,30506.8125,-202.82338606473658,-30481.8125
946,20.0,-0.6209683849384505,97.05429,14699.3671875,-97.67525915642283,-14679.3671875
947,16.0,-0.6475840457874477,318.2206,47937.890625,-318.86819561805305,-47921.890625
948,18.0,-0.6342762153629491,79.33651,12036.6064453125,-79.97078591995279,-12018.6064453125
949,23.0,-0.6010066393017026,493.13153,74224.8046875,-493.73253740102047,-74201.8046875
950,27.0,-0.5743909784527054,-69.77848,-10373.5068359375,69.20408955133244,10400.5068359375
951,21.0,-0.6143144697262012,444.85434,66969.3515625,-445.46865406933557,-66948.3515625
952,15.0,-0.6542379609996969,323.88467,48789.12890625,-324.5389120332653,-48774.12890625
953,10.0,-0.6875075370609434,397.67966,59879.58984375,-398.3671645194828,-59869.58984375
954,6.0,-0.7141231979099406,299.32324,45097.85546875,-300.03736538540994,-45091.85546875
955,17.0,-0.6409301305751983,713.79816,107388.234375,-714.4390868688564,-107371.234375
956,22.0,-0.6076605545139518,-186.86859,-27970.681640625,186.2609307540798,27992.681640625
957,21.0,-0.6143144697262012,574.8463,86505.515625,-575.4606279462887,-86484.515625
958,17.0,-0.6409301305751983,251.02591,37839.37109375,-251.6668395544033,-37822.37109375
959,16.0,-0.6475840457874477,654.6378,98497.171875,-655.2854014285999,-98481.171875
960,15.0,-0.6542379609996969,477.80246,71921.0390625,-478.45669767779657,-71906.0390625
961,12.0,-0.6741997066364448,457.14835,68816.984375,-457.82254565390207,-68804.984375
962,19.0,-0.6276223001506998,449.80914,67713.9921875,-450.4367653665569,-67694.9921875
963,20.0,-0.6209683849384505,531.71625,80023.6015625,-532.3372159435322,-80003.6015625
964,18.0,-0.6342762153629491,548.45154,82538.7109375,-549.0858143013005,-82520.7109375
965,14.0,-0.6608918762119462,612.85406,92217.6015625,-613.5149568176182,-92203.6015625
966,9.0,-0.6941614522731927,625.7406,94154.2890625,-626.4347620382107,-94145.2890625
967,9.0,-0.6941614522731927,658.85657,99131.203125,-659.5507288350857,-99122.203125
968,12.0,-0.6741997066364448,661.8788,99585.3984375,-662.552983886324,-99573.3984375
969,15.0,-0.6542379609996969,682.21747,102642.0546875,-682.8717062227184,-102627.0546875
970,14.0,-0.6608918762119462,689.80725,103782.703125,-690.4681428527745,-103768.703125
971,12.0,-0.6741997066364448,720.4845,108393.109375,-721.158696776949,-108381.109375
972,14.0,-0.6608918762119462,729.27045,109713.5234375,-729.9313386535557,-109699.5234375
973,11.0,-0.6808536218486941,777.1281,116905.9296875,-777.8089664148174,-116894.9296875
974,7.0,-0.7074692826976913,767.40576,115444.78125,-768.1132310014477,-115437.78125
975,4.0,-0.7274310283344392,827.08453,124413.7578125,-827.8119647197407,-124409.7578125
976,14.0,-0.6608918762119462,876.4203,131828.3125,-877.0811799621495,-131814.3125
977,17.0,-0.6409301305751983,694.7909,104531.6796875,-695.4318236852627,-104514.6796875
978,16.0,-0.6475840457874477,893.9903,134468.859375,-894.6378794559437,-134452.859375
979,14.0,-0.6608918762119462,580.25903,87318.9765625,-580.919925079337,-87304.9765625
980,12.0,-0.6741997066364448,359.20697,54097.62890625,-359.8811699214802,-54085.62890625
981,13.0,-0.6675457914241956,695.846,104690.25,-696.5135540922055,-104677.25
982,16.0,-0.6475840457874477,14.980799,2364.75,-15.628382767100923,-2348.75
983,19.0,-0.6276223001506998,663.7928,99873.0546875,-664.420407944682,-99854.0546875
984,23.0,-0.6010066393017026,-311.59073,-46714.85546875,310.9897221204639,46737.85546875
985,22.0,-0.6076605545139518,707.9987,106516.6484375,-708.6063788162327,-106494.6484375
986,17.0,-0.6409301305751983,325.6239,49050.51171875,-326.2648314977627,-49033.51171875
987,14.0,-0.6608918762119462,469.21768,70630.8515625,-469.8785737609776,-70616.8515625
988,13.0,-0.6675457914241956,69.01013,10484.681640625,-69.67767762736169,-10471.681640625
989,13.0,-0.6675457914241956,92.20528,13970.62109375,-92.872822280682,-13957.62109375
990,18.0,-0.6342762153629491,-54.144924,-8023.9794921875,53.51064794845541,8041.9794921875
991,13.0,-0.6675457914241956,57.47649,8751.3203125,-58.14403581217615,-8738.3203125
992,14.0,-0.6608918762119462,-20.86411,-3022.29052734375,20.20321907044333,3036.29052734375
993,15.0,-0.6542379609996969,61.448753,9348.3017578125,-62.10299131793329,-9333.3017578125
994,14.0,-0.6608918762119462,64.174095,9757.8857421875,-64.83498703002054,-9743.8857421875
995,8.0,-0.700815367485442,73.00141,11084.5205078125,-73.70222680547373,-11076.5205078125
996,2.0,-0.7407388587589377,76.335045,11585.5244140625,-77.07578371959877,-11583.5244140625
997,12.0,-0.6741997066364448,62.327106,9480.306640625,-63.00130618246652,-9468.306640625
998,14.0,-0.6608918762119462,66.06987,10042.796875,-66.73076187132914,-10028.796875
999,14.0,-0.6608918762119462,77.873405,11816.720703125,-78.53429733275492,-11802.720703125
1000,9.0,-0.6941614522731927,68.419754,10395.955078125,-69.1139154805935,-10386.955078125
1001,5.0,-0.7207771131221898,70.77964,10750.6162109375,-71.5004173108761,-10745.6162109375
1002,3.0,-0.7340849435466885,51.362347,7832.4404296875,-52.09643159271661,-7829.4404296875
1003,1.0,-0.7473927739711871,61.500565,9356.087890625,-62.2479573491665,-9355.087890625
1004,10.0,-0.6875075370609434,35.22292,5406.88671875,-35.91042700117227,-5396.88671875
1005,6.0,-0.7141231979099406,50.190266,7656.29150390625,-50.90438885342752,-7650.29150390625
1006,8.0,-0.700815367485442,29.582048,4559.134765625,-30.28286378362314,-4551.134765625
1007,6.0,-0.7141231979099406,41.416218,6337.662109375,-42.13034100186502,-6331.662109375
1008,3.0,-0.7340849435466885,31.041758,4778.5107421875,-31.77584252716485,-4775.5107421875
1009,2.0,-0.7407388587589377,229.89786,34664.08984375,-230.63859652477456,-34662.08984375
1010,2.0,-0.7407388587589377,117.68525,17799.94140625,-118.42598818737221,-17797.94140625
1011,3.0,-0.7340849435466885,294.19437,44327.046875,-294.9284513986248,-44324.046875
1012,1.0,-0.7473927739711871,256.26987,38627.47265625,-257.01725971733055,-38626.47265625
1013,2.0,-0.7407388587589377,293.14307,44169.05078125,-293.88380526500896,-44167.05078125
1014,1.0,-0.7473927739711871,89.335175,13539.2802734375,-90.08256733451806,-13538.2802734375
1015,1.0,-0.7473927739711871,97.08469,14703.935546875,-97.83207905326806,-14702.935546875
1016,1.0,-0.7473927739711871,34.236717,5258.6728515625,-34.98410999809228,-5257.6728515625
1017,0.0,-0.7540466891834363,86.78452,13155.9501953125,-87.53856969943735,-13155.9501953125
1018,4.0,-0.7274310283344392,50.301517,7673.01123046875,-51.0289485149067,-7669.01123046875
1019,7.0,-0.7074692826976913,142.52414,21532.916015625,-143.23160868699458,-21525.916015625
1020,9.0,-0.6941614522731927,92.053024,13947.7392578125,-92.74718574426538,-13938.7392578125
1021,10.0,-0.6875075370609434,89.20961,13520.41015625,-89.8971175224125,-13510.41015625
1022,10.0,-0.6875075370609434,126.92212,19188.126953125,-127.60962667768594,-19178.126953125
1023,7.0,-0.7074692826976913,92.50868,14016.21875,-93.21615153367425,-14009.21875
1024,5.0,-0.7207771131221898,119.480896,18069.8046875,-120.20167310921595,-18064.8046875
1025,8.0,-0.700815367485442,137.28091,20744.923828125,-137.98172967412606,-20736.923828125
1026,9.0,-0.6941614522731927,54.787567,8347.208984375,-55.48172859094507,-8338.208984375
1027,11.0,-0.6808536218486941,123.66635,18698.826171875,-124.34720494020807,-18687.826171875
1028,15.0,-0.6542379609996969,-2.532585,-267.2919921875,1.8783469446246928,282.2919921875
1029,14.0,-0.6608918762119462,122.62391,18542.16015625,-123.28480087279398,-18528.16015625
1030,10.0,-0.6875075370609434,15.739153,2478.720947265625,-16.42666044538614,-2468.720947265625
1031,8.0,-0.700815367485442,98.6931,14945.6591796875,-99.39391534307138,-14937.6591796875
1032,11.0,-0.6808536218486941,40.046814,6131.85791015625,-40.72766758669244,-6120.85791015625
1033,13.0,-0.6675457914241956,26.694271,4125.13818359375,-27.36181687907068,-4112.13818359375
1034,15.0,-0.6542379609996969,-33.81855,-4969.18017578125,33.16431214886359,4984.18017578125
1035,17.0,-0.6409301305751983,-49.599777,-7340.90087890625,48.95884709110449,7357.90087890625
1036,12.0,-0.6741997066364448,-83.78943,-12479.17578125,83.11522900430106,12491.17578125
1037,9.0,-0.6941614522731927,-51.358826,-7605.263671875,50.66466423132056,7614.263671875
1038,6.0,-0.7141231979099406,-31.780891,-4662.94580078125,31.06676822054709,4668.94580078125
1039,16.0,-0.6475840457874477,255.73203,38546.640625,-256.3796091922718,-38530.640625
1040,20.0,-0.6209683849384505,10.994334,1765.63427734375,-11.61530260582468,-1745.63427734375
1041,25.0,-0.587698808877204,214.76024,32389.095703125,-215.34793745633814,-32364.095703125
1042,23.0,-0.6010066393017026,160.53738,24240.080078125,-161.13839067250484,-24217.080078125
1043,27.0,-0.5743909784527054,429.50717,64662.8671875,-430.0815626093121,-64635.8671875
1044,22.0,-0.6076605545139518,131.61961,19894.1015625,-132.2272742019749,-19872.1015625
1045,15.0,-0.6542379609996969,184.39005,27824.8359375,-185.04428312701532,-27809.8359375
1046,22.0,-0.6076605545139518,-5.0236454,-641.6671142578125,4.415984846487024,663.6671142578125
1047,25.0,-0.587698808877204,57.67509,8781.1669921875,-58.26278959867213,-8756.1669921875
1048,26.0,-0.5810448936649547,12.287514,1959.98291015625,-12.86855862657511,-1933.98291015625
1049,35.0,-0.5211596567547111,28.216274,4353.8759765625,-28.73743391822932,-4318.8759765625
1050,36.0,-0.5145057415424618,7.627052,1259.573974609375,-8.141557571834209,-1223.573974609375
1051,29.0,-0.5610831480282068,51.524475,7856.80615234375,-52.08555824568446,-7827.80615234375
1052,29.0,-0.5610831480282068,-17.96892,-2587.1796875,17.407836606000114,2616.1796875
1053,37.0,-0.5078518263302124,9.00767,1467.0635986328125,-9.515522228857067,-1430.0635986328125
1054,39.0,-0.49454399590571385,-21.363651,-3097.365234375,20.86910727972905,3136.365234375
1055,40.0,-0.48789008069346457,-14.972342,-2136.83154296875,14.484451456782121,2176.83154296875
1056,45.0,-0.4546205046322181,-52.02621,-7705.5634765625,51.57159028027989,7750.5634765625
1057,41.0,-0.4812361654812153,-49.134277,-7270.94189453125,48.653041178268786,7311.94189453125
1058,47.0,-0.4413126742077195,-77.535645,-11539.310546875,77.09433185704228,11586.310546875
1059,47.0,-0.4413126742077195,-73.0771,-10869.248046875,72.63578998692509,10916.248046875
1060,49.0,-0.4280048437832209,-106.11864,-15834.9765625,105.69063224117771,15883.9765625
1061,50.0,-0.4213509285709716,-96.708115,-14420.6923828125,96.28676369545246,14470.6923828125
1062,39.0,-0.49454399590571385,-127.62987,-19067.84375,127.13532355780522,19106.84375
1063,17.0,-0.6409301305751983,-121.90258,-18207.10546875,121.26165013065527,18224.10546875
1064,19.0,-0.6276223001506998,-156.9695,-23477.22265625,156.34187538051336,23496.22265625
1065,18.0,-0.6342762153629491,-167.3943,-25043.939453125,166.76002615280112,25061.939453125
1066,17.0,-0.6409301305751983,-207.24548,-31033.072265625,206.60455326786231,31050.072265625
1067,48.0,-0.43465875899547024,-220.83669,-33075.66015625,220.40202642166858,33123.66015625
1068,58.0,-0.3681196068729773,-264.71652,-39670.25,264.3484026099239,39728.25
1069,53.0,-0.40138918293422376,-152.99355,-22879.6875,152.59215634929234,22932.6875
1070,59.0,-0.36146569166072795,-290.84674,-43597.29296875,290.4852750309955,43656.29296875
1071,58.0,-0.3681196068729773,-235.45908,-35273.22265625,235.0909563208614,35331.22265625
1072,47.0,-0.4413126742077195,-339.42526,-50898.03515625,338.98394977696415,50945.03515625
1073,28.0,-0.5677370632404561,-389.83127,-58473.42578125,389.26353124730645,58501.42578125
1074,32.0,-0.5411214023914589,-446.9788,-67061.984375,446.43766888081166,67093.984375
1075,37.0,-0.5078518263302124,-502.84732,-75458.328125,502.3394687303104,75495.328125
1076,36.0,-0.5145057415424618,-557.30084,-83642.0078125,556.7863365436137,83678.0078125
1077,45.0,-0.4546205046322181,-608.1777,-91288.15625,607.7230528352115,91333.15625
1078,49.0,-0.4280048437832209,-653.98755,-98172.8046875,653.5595439843418,98221.8046875
1079,37.0,-0.5078518263302124,-695.2179,-104369.2109375,694.7100436814823,104406.2109375
1080,24.0,-0.5943527240894533,-748.0844,-112314.3828125,747.4900588970042,112338.3828125
1081,49.0,-0.4280048437832209,-880.71014,-132246.359375,880.2821391991855,132295.359375
1082,54.0,-0.3947352677219744,-1146.3495,-172168.625,1145.9547520369656,172222.625
1083,63.0,-0.3348500308117308,-1344.0737,-201884.09375,1343.7388804379382,201947.09375
1084,71.0,-0.28161870911373643,-1432.2644,-215138.046875,1431.9827855877613,215209.046875
1085,65.0,-0.3215422003872322,-1657.238,-248948.765625,1656.9164949089877,249013.765625
1086,49.0,-0.4280048437832209,-1715.8875,-257763.046875,1715.4594463280919,257812.046875
1087,30.0,-0.5544292328159576,-2000.2168,-300494.1875,1999.662367642184,300524.1875
1088,47.0,-0.4413126742077195,-2083.331,-312985.21875,2082.889742013292,313032.21875
1089,60.0,-0.35481177644847867,-2259.055,-339394.3125,2258.7001198641765,339454.3125
1090,63.0,-0.3348500308117308,-2364.4807,-355238.5,2364.1458628598134,355301.5
1091,65.0,-0.3215422003872322,-2458.8145,-369415.65625,2458.4929109246127,369480.65625
1092,62.0,-0.3415039460239801,-2549.8523,-383097.5,2549.510790975851,383159.5
1093,46.0,-0.4479665894199688,-2638.2183,-396377.8125,2637.77029512933,396423.8125
1094,30.0,-0.5544292328159576,-2724.686,-409372.84375,2724.131605923434,409402.84375
1095,45.0,-0.4546205046322181,-2808.101,-421909.0625,2807.646453714118,421954.0625
1096,53.0,-0.40138918293422376,-2888.8977,-434051.78125,2888.496315895191,434104.78125
1097,41.0,-0.4812361654812153,-2968.0151,-445942.15625,2967.5339005532687,445983.15625
1098,74.0,-0.2616569634769886,-3050.6382,-458359.34375,3050.376526630273,458433.34375
1099,43.0,-0.4679283350567167,-3087.583,-463911.6875,3087.1150794774435,463954.6875
1100,19.0,-0.6276223001506998,-3212.4236,-482673.65625,3211.7959616842245,482692.65625
1101,11.0,-0.6808536218486941,-3271.0193,-491479.875,3270.3384334875263,491490.875
1102,35.0,-0.5211596567547111,-3338.5432,-501627.875,3338.0220532338703,501662.875
1103,46.0,-0.4479665894199688,-3410.2224,-512400.34375,3409.774445519955,512446.34375
1104,47.0,-0.4413126742077195,-3475.64,-522231.78125,3475.198579903917,522278.78125
1105,41.0,-0.4812361654812153,-3543.543,-532436.75,3543.0617325845187,532477.75
1106,37.0,-0.5078518263302124,-3613.0803,-542887.375,3612.5724704392946,542924.375
1107,31.0,-0.5477753176037082,-3688.6416,-554243.25,3688.0938262448963,554274.25
1108,25.0,-0.587698808877204,-3781.695,-568228.0625,3781.107369550498,568253.0625
1109,37.0,-0.5078518263302124,-3892.9712,-584951.4375,3892.4633395799196,584988.4375
1110,43.0,-0.4679283350567167,-4008.8486,-602366.375,4008.3807044774435,602409.375
1111,52.0,-0.40804309814647305,-4124.812,-619794.1875,4124.403968620603,619846.1875
1112,54.0,-0.3947352677219744,-4246.098,-638022.0,4245.703409263528,638076.0
1113,44.0,-0.4612744198444674,-4351.367,-653842.625,4350.905913080155,653886.625
1114,30.0,-0.5544292328159576,-4485.0664,-673935.9375,4484.511977017184,673965.9375
1115,20.0,-0.6209683849384505,-4604.308,-691856.4375,4603.687137083812,691876.4375
1116,32.0,-0.5411214023914589,-4753.392,-714261.9375,4752.850968441358,714293.9375
1117,31.0,-0.5477753176037082,-4888.047,-734498.8125,4887.499099682396,734529.8125
1118,33.0,-0.5344674871792097,-5056.957,-759883.9375,5056.422563762821,759916.9375
1119,37.0,-0.5078518263302124,-5212.5796,-783272.0625,5212.07173801742,783309.0625
1120,28.0,-0.5677370632404561,-5404.94,-812181.375,5404.37220434301,812209.375
1121,27.0,-0.5743909784527054,-5584.157,-839115.5,5583.582835584048,839142.5
1122,21.0,-0.6143144697262012,-5801.3774,-871761.0,5800.763126936524,871782.0
1123,30.0,-0.5544292328159576,-6004.716,-902320.1875,6004.161391079684,902350.1875
1124,34.0,-0.5278135719669603,-6249.254,-939071.1875,6248.726092678033,939105.1875
1125,37.0,-0.5078518263302124,-6485.1416,-974522.125,6484.63374973617,974559.125
1126,42.0,-0.474582250268966,-6769.4277,-1017246.8125,6768.953152124731,1017288.8125
1127,38.0,-0.5011979111179632,-7051.072,-1059574.25,7050.570579432632,1059612.25
1128,26.0,-0.5810448936649547,-7390.2397,-1110547.0,7389.6587012000855,1110573.0
1129,11.0,-0.6808536218486941,-7737.425,-1162724.5,7736.743951065651,1162735.5
1130,10.0,-0.6875075370609434,-8153.6274,-1225274.625,8152.939933869189,1225284.625
1131,23.0,-0.6010066393017026,-8588.273,-1290596.375,8587.672430860699,1290619.375
1132,36.0,-0.5145057415424618,-9097.654,-1367150.0,9097.139791133457,1367186.0
1133,40.0,-0.48789008069346457,-9628.504,-1446930.0,9628.016016169306,1446970.0
1134,24.0,-0.5943527240894533,-10241.727,-1539089.75,10241.132209775911,1539113.75
1135,18.0,-0.6342762153629491,-10882.665,-1635414.75,10882.030762847136,1635432.75
1136,14.0,-0.6608918762119462,-11617.773,-1745892.25,11617.112545623788,1745906.25
1137,13.0,-0.6675457914241956,-12389.977,-1861944.75,12389.309016708576,1861957.75
1138,11.0,-0.6808536218486941,-13236.851,-1989219.25,13236.169732315651,1989230.25
1139,16.0,-0.6475840457874477,-14262.224,-2143320.0,14261.576048766712,2143336.0
1140,15.0,-0.6542379609996969,-15387.616,-2312452.5,15386.9619729765,2312467.5
1141,20.0,-0.6209683849384505,-16614.18,-2496789.5,16613.558719115063,2496809.5
1142,18.0,-0.6342762153629491,-18031.574,-2709806.25,18030.93994253464,2709824.25
1143,117.0,0.024461390649731116,-19596.2,-2944949.75,19596.22368014065,2945066.75
1144,76.0,-0.24834913305248996,-21392.408,-3214897.5,21392.159853991947,3214973.5
1145,68.0,-0.30158045475048434,-23346.75,-3508610.5,23346.44841954525,3508678.5
1146,23.0,-0.6010066393017026,-25387.63,-3815329.25,25387.029852735697,3815352.25
1147,11.0,-0.6808536218486941,-26729.49,-4016994.0,26728.80938075315,4017005.0
1148,27.0,-0.5743909784527054,-28854.088,-4336294.0,28853.513499646546,4336321.0
